<?xml version="1.0"?>
<!DOCTYPE alphabets SYSTEM "alphabet.dtd">
<?xml-stylesheet type="text/xsl" href="alphabet.xsl"?>
<alphabets>
<alphabet name="Russian (&#1056;&#1091;&#1089;&#1089;&#1082;&#1080;&#1081;) - &#1050;&#1080;&#1088;&#1080;&#1083;&#1083;&#1080;&#1094;&#1072; alphabet">
<orientation type="LR"/>
<control d="Control" t=""/>
<encoding type="Western"/>
<train>training_russian_RU.txt</train>
<paragraph d="&#182;" b="9"/>
<space d="&#x25a1;" t=" " b="9"/>
<control d="Control" t="" b="8"/>
<group name="lower case cyrillic (&#1050;&#1080;&#1088;&#1080;&#1083;&#1083;&#1080;&#1094;&#1072;) letters" b="0">
<s d="&#x0430;" t="&#x0430;" />
<s d="&#x0431;" t="&#x0431;" />
<s d="&#x0432;" t="&#x0432;" />
<s d="&#x0433;" t="&#x0433;" />
<s d="&#x0434;" t="&#x0434;" />
<s d="&#x0435;" t="&#x0435;" />
<!-- <s d="&#x0450;" t="&#x0450;" note="not found in training text" /> -->
<s d="&#x0451;" t="&#x0451;" note="e with two dots - should this be 0407?" />
<s d="&#x0436;" t="&#x0436;" />
<s d="&#x0437;" t="&#x0437;" />
<s d="&#x0438;" t="&#x0438;" />
<s d="&#x0439;" t="&#x0439;" />
<s d="&#x043A;" t="&#x043A;" />
<s d="&#x043B;" t="&#x043B;" />
<s d="&#x043C;" t="&#x043C;" />
<s d="&#x043D;" t="&#x043D;" />
<s d="&#x043E;" t="&#x043E;" />
<s d="&#x043F;" t="&#x043F;" />
<s d="&#x0440;" t="&#x0440;" />
<s d="&#x0441;" t="&#x0441;" />
<s d="&#x0442;" t="&#x0442;" />
<s d="&#x0443;" t="&#x0443;" />
<s d="&#x0444;" t="&#x0444;" />
<s d="&#x0445;" t="&#x0445;" />
<s d="&#x0446;" t="&#x0446;" />
<s d="&#x0447;" t="&#x0447;" />
<s d="&#x0448;" t="&#x0448;" />
<s d="&#x0449;" t="&#x0449;" />
<s d="&#x044A;" t="&#x044A;" />
<s d="&#x044B;" t="&#x044B;" />
<s d="&#x044C;" t="&#x044C;" />
<s d="&#x044D;" t="&#x044D;" />
<s d="&#x044E;" t="&#x044E;" />
<s d="&#x044F;" t="&#x044F;" />
</group>
<group name="upper case cyrillic (&#1050;&#1080;&#1088;&#1080;&#1083;&#1083;&#1080;&#1094;&#1072;) letters" b="111">
<s d="&#x0410;" t="&#x0410;" />
<s d="&#x0411;" t="&#x0411;" />
<s d="&#x0412;" t="&#x0412;" />
<s d="&#x0413;" t="&#x0413;" />
<s d="&#x0414;" t="&#x0414;" />
<s d="&#x0415;" t="&#x0415;" />
<!-- <s d="&#x0400;" t="&#x0400;" note="not found in training text"  /> -->
<s d="&#x0401;" t="&#x0401;" note="E with two dots - should this be 0406? "  />
<s d="&#x0416;" t="&#x0416;" />
<s d="&#x0417;" t="&#x0417;" />
<s d="&#x0418;" t="&#x0418;" />
<s d="&#x0419;" t="&#x0419;" />
<s d="&#x041A;" t="&#x041A;" />
<s d="&#x041B;" t="&#x041B;" />
<s d="&#x041C;" t="&#x041C;" />
<s d="&#x041D;" t="&#x041D;" />
<s d="&#x041E;" t="&#x041E;" />
<s d="&#x041F;" t="&#x041F;" />
<s d="&#x0420;" t="&#x0420;" />
<s d="&#x0421;" t="&#x0421;" />
<s d="&#x0422;" t="&#x0422;" />
<s d="&#x0423;" t="&#x0423;" />
<s d="&#x0424;" t="&#x0424;" />
<s d="&#x0425;" t="&#x0425;" />
<s d="&#x0426;" t="&#x0426;" />
<s d="&#x0427;" t="&#x0427;" />
<s d="&#x0428;" t="&#x0428;" />
<s d="&#x0429;" t="&#x0429;" />
<s d="&#x042A;" t="&#x042A;" />
<s d="&#x042B;" t="&#x042B;" />
<s d="&#x042C;" t="&#x042C;" />
<s d="&#x042D;" t="&#x042D;" />
<s d="&#x042E;" t="&#x042E;" />
<s d="&#x042F;" t="&#x042F;" />
</group>
<group name="Numbers"   b="113">
<s d="1" t="1"/>
<s d="2" t="2"/>
<s d="3" t="3"/>
<s d="4" t="4"/>
<s d="5" t="5"/>
<s d="6" t="6"/>
<s d="7" t="7"/>
<s d="8" t="8"/>
<s d="9" t="9"/>
<s d="0" t="0"/>
</group>
<group name="Punctuation"  b="112">
<s d="%" t="%"/>
<s d="*" t="*"/>
<s d="+" t="+"/>
<s d="=" t="="/>
<s d="/" t="/"/>
<s d="#" t="#"/>
<s d="$" t="$"/>
<s d="|" t="|"/>
<s d="\" t="\"/>
<s d="~" t="~"/>
<s d="^" t="^"/>
<s d="_" t="_"/>
<s d="&amp;" t="&amp;"/>
<s d="@" t="@"/>
<s d="[" t="["/>
<s d="]" t="]"/>
<s d="{" t="{"/>
<s d="}" t="}"/>
<s d="&lt;" t="&lt;"/>
<s d="&gt;" t="&gt;"/>
<s d="(" t="("/>
<s d=")" t=")"/>
<s d="&#x2039;" t="&#x2039;" note="French left single quotation mark" />
<s d="&#x203A;" t="&#x203A;" note="French right single quotation mark" />
<s d="&#x00AB;" t="&#x00AB;" note="French left double quotation mark" />
<s d="&#x00BB;" t="&#x00BB;" note="French right double quotation mark" />
<s d="&quot;" t="&quot;"/>
<s d="`" t="`"/>
<s d="&apos;" t="&apos;"/>
<s d="-" t="-"/>
<s d=":" t=":"/>
<s d=";" t=";"/>
<s d="?" t="?"/>
<s d="!" t="!"/>
<s d="," t=","/>
<s d="." t="."/>
</group>
</alphabet>
<!--<alphabet name="Russian (Russki) - Latin alphabet">
<orientation type="LR"/>
<control d="Control" t=""/>
<encoding type="Western"/>
<train>training_russianLatin_RU.txt</train>
<paragraph d="&#182;" b="9"/>
<space d="&#x25a1;" t=" " b="9"/>
<control d="Control" t="" b="8"/>
<group name="Lower case Latin letters" b="0">
<s d="a" t="a" b="10"/>
<s d="b" t="b" b="11"/>
<s d="c" t="c" b="12"/>
<s d="d" t="d" b="13"/>
<s d="e" t="e" b="14"/>
<s d="f" t="f" b="15"/>
<s d="g" t="g" b="16"/>
<s d="h" t="h" b="17"/>
<s d="i" t="i" b="18"/>
<s d="j" t="j" b="19"/>
<s d="k" t="k" b="20"/>
<s d="l" t="l" b="21"/>
<s d="m" t="m" b="22"/>
<s d="n" t="n" b="23"/>
<s d="o" t="o" b="24"/>
<s d="p" t="p" b="25"/>
<s d="q" t="q" b="26"/>
<s d="r" t="r" b="27"/>
<s d="s" t="s" b="28"/>
<s d="t" t="t" b="29"/>
<s d="u" t="u" b="30"/>
<s d="v" t="v" b="31"/>
<s d="w" t="w" b="32"/>
<s d="x" t="x" b="33"/>
<s d="y" t="y" b="34"/>
<s d="z" t="z" b="35"/>
</group>
<group name="Upper case Latin letters" b="111">
<s d="A" t="A" b="10"/>
<s d="B" t="B" b="11"/>
<s d="C" t="C" b="12"/>
<s d="D" t="D" b="13"/>
<s d="E" t="E" b="14"/>
<s d="F" t="F" b="15"/>
<s d="G" t="G" b="16"/>
<s d="H" t="H" b="17"/>
<s d="I" t="I" b="18"/>
<s d="J" t="J" b="19"/>
<s d="K" t="K" b="20"/>
<s d="L" t="L" b="21"/>
<s d="M" t="M" b="22"/>
<s d="N" t="N" b="23"/>
<s d="O" t="O" b="24"/>
<s d="P" t="P" b="25"/>
<s d="Q" t="Q" b="26"/>
<s d="R" t="R" b="27"/>
<s d="S" t="S" b="28"/>
<s d="T" t="T" b="29"/>
<s d="U" t="U" b="30"/>
<s d="V" t="V" b="31"/>
<s d="W" t="W" b="32"/>
<s d="X" t="X" b="33"/>
<s d="Y" t="Y" b="34"/>
<s d="Z" t="Z" b="35"/>
</group>
<group name="Numbers"   b="113">
<s d="1" t="1"/>
<s d="2" t="2"/>
<s d="3" t="3"/>
<s d="4" t="4"/>
<s d="5" t="5"/>
<s d="6" t="6"/>
<s d="7" t="7"/>
<s d="8" t="8"/>
<s d="9" t="9"/>
<s d="0" t="0"/>
</group>
<group name="Punctuation"  b="112">
<s d="%" t="%"/>
<s d="*" t="*"/>
<s d="+" t="+"/>
<s d="=" t="="/>
<s d="/" t="/"/>
<s d="#" t="#"/>
<s d="$" t="$"/>
<s d="|" t="|"/>
<s d="\" t="\"/>
<s d="~" t="~"/>
<s d="^" t="^"/>
<s d="_" t="_"/>
<s d="&amp;" t="&amp;"/>
<s d="@" t="@"/>
<s d="[" t="["/>
<s d="]" t="]"/>
<s d="{" t="{"/>
<s d="}" t="}"/>
<s d="&lt;" t="&lt;"/>
<s d="&gt;" t="&gt;"/>
<s d="(" t="("/>
<s d=")" t=")"/>
<s d="&#x2039;" t="&#x2039;" note="French left single quotation mark" />
<s d="&#x203A;" t="&#x203A;" note="French right single quotation mark" />
<s d="&#x00AB;" t="&#x00AB;" note="French left double quotation mark" />
<s d="&#x00BB;" t="&#x00BB;" note="French right double quotation mark" />
<s d="&quot;" t="&quot;"/>
<s d="`" t="`"/>
<s d="&apos;" t="&apos;"/>
<s d="-" t="-"/>
<s d=":" t=":"/>
<s d=";" t=";"/>
<s d="?" t="?"/>
<s d="!" t="!"/>
<s d="," t=","/>
<s d="." t="."/>
</group>
</alphabet>-->
</alphabets>
