<?xml version="1.0" encoding="UTF-8"?>
<!DOCTYPE alphabets SYSTEM "alphabet.dtd">
<?xml-stylesheet type="text/xsl" href="alphabet-nest.xsl"?>
<alphabets>
<alphabet name="Fran&#x00E7;ais / French with numerals and punctuation">
<orientation type="LR"/>
<encoding type="Western"/>
<palette>European/Asian</palette>
<train>training_french_FR.txt</train>
<space d="&#x25a1;" t=" " b="9" note="box" />
<control d="Control" t="" b="8"/>
<paragraph d="&#182;" b="9"/>
<group name="Lower case Latin letters" b="0">
<s b="10"  d="a" t="a"/>
<s b="11"  d="&#224;" t="&#224;" note="grave a"/>
<s b="12"  d="&#226;" t="&#226;"/>
<s b="13"  d="&#228;" t="&#228;"/>
<!-- <s b="69"  d="&#x00E6;" t="&#x00E6;" note="SMALL LETTER AE"/> -->
<s b="14"  d="b" t="b"/>
<s b="15"  d="c" t="c"/>
<s b="16"  d="&#231;" t="&#231;"/>
<s b="17"  d="d" t="d"/>
<s b="18"  d="e" t="e"/>
<s b="19"  d="&#232;" t="&#232;"/>
<s b="20"  d="&#233;" t="&#233;"/>
<s b="21"  d="&#234;" t="&#234;"/>
<s b="22"  d="&#235;" t="&#235;"/>
<s b="23"  d="f" t="f"/>
<s b="24"  d="g" t="g"/>
<s b="25"  d="h" t="h"/>
<s b="26"  d="i" t="i"/>
<s b="27"  d="&#238;" t="&#238;"/>
<s b="28"  d="&#239;" t="&#239;"/>
<s b="29"  d="j" t="j"/>
<s b="30"  d="k" t="k"/>
<s b="31"  d="l" t="l"/>
<s b="32"  d="m" t="m"/>
<s b="33"  d="n" t="n"/>
<s b="34"  d="o" t="o"/>
<s b="79"  d="&#xB0;" t="&#xB0;" note="tiny o as in Numero (N^o)"/>
<!-- <s b="69"  d="&#x0153;" t="&#x0153;" note="SMALL LIGATURE OE"/> -->
<s b="35"  d="&#244;" t="&#244;"/>
<s b="36"  d="&#246;" t="&#246;"/>
<s b="37"  d="p" t="p"/>
<s b="38"  d="q" t="q"/>
<s b="39"  d="r" t="r"/>
<s b="40"  d="s" t="s"/>
<s b="41"  d="t" t="t"/>
<s b="42"  d="u" t="u"/>
<s b="43"  d="&#249;" t="&#249;"/>
<s b="44"  d="&#251;" t="&#251;"/>
<s b="45"  d="&#252;" t="&#252;"/>
<s b="46"  d="v" t="v"/>
<s b="47"  d="w" t="w"/>
<s b="48"  d="x" t="x"/>
<s b="49"  d="y" t="y"/>
<s b="47"  d="z" t="z"/>
</group>
<group name="Upper case Latin letters"  b="111">
<s b="10"  d="A" t="A"/>
<s b="11"  d="&#192;" t="&#192;"/>
<s b="12"  d="&#194;" t="&#194;" note="circumflex A"/>
<s b="13"  d="B" t="B"/>
<s b="14"  d="C" t="C"/>
<s b="15"  d="&#199;" t="&#199;"/>
<s b="16"  d="D" t="D"/>
<s b="17"  d="E" t="E"/>
<s b="18"  d="&#201;" t="&#201;"/>
<s b="19"  d="&#202;" t="&#202;"/>
<s b="20"  d="F" t="F"/>
<s b="21"  d="G" t="G"/>
<s b="22"  d="H" t="H"/>
<s b="23"  d="I" t="I"/>
<s b="24"  d="J" t="J"/>
<s b="25"  d="K" t="K"/>
<s b="26"  d="L" t="L"/>
<s b="27"  d="M" t="M"/>
<s b="28"  d="N" t="N"/>
<s b="29"  d="O" t="O"/>
<!-- <s b="69" d="&#x0152;" t="&#x0152;" note="CAPITAL LIGATURE OE"/> -->
<s b="30"  d="P" t="P"/>
<s b="31"  d="Q" t="Q"/>
<s b="32"  d="R" t="R"/>
<s b="33"  d="S" t="S"/>
<s b="34"  d="T" t="T"/>
<s b="35"  d="U" t="U"/>
<s b="36"  d="V" t="V"/>
<s b="37"  d="W" t="W"/>
<s b="38"  d="X" t="X"/>
<s b="39"  d="Y" t="Y"/>
<s b="40"  d="Z" t="Z"/>
</group>
<group name="Numbers" b="113">
<s d="1" t="1" b="90"/>
<s d="2" t="2" b="105"/>
<s d="3" t="3" b="91"/>
<s d="4" t="4" b="106"/>
<s d="5" t="5" b="92"/>
<s d="6" t="6" b="107"/>
<s d="7" t="7" b="93"/>
<s d="8" t="8" b="108"/>
<s d="9" t="9" b="94"/>
<s d="0" t="0" b="109"/>
</group>
<group name="Punctuation" b="112">
<s b="90" d="%" t="%"/>
<s b="91" d="*" t="*"/>
<s b="92" d="+" t="+"/>
<s b="93" d="=" t="="/>
<s b="94" d="/" t="/"/>
<s b="95" d="#" t="#"/>
<s d="&#8364;" t="&#8364;" b="96" note="euro" />
<s b="98" d="$" t="$"/>
<s b="99" d="|" t="|"/>
<s b="95" d="\" t="\"/>
<s b="96" d="~" t="~"/>
<s b="97" d="^" t="^"/>
<s b="98" d="_" t="_"/>
<s b="99" d="&amp;" t="&#x0026;"/> 
<s b="95" d="@" t="@"/>
<s b="105" d="[" t="["/>
<s b="106" d="]" t="]"/>
<s b="107" d="{" t="{"/>
<s b="108" d="}" t="}"/>
<s b="109" d="&lt;" t="&lt;" note="&#x003c;"/>
<s b="105" d="&gt;" t="&#x003e;"/>
<s b="106" d="(" t="("/>
<s b="107" d=")" t=")"/>
<s b="107" d="&#x203A;" t="&#x203A;" note="French right single quotation mark" />
<s b="108" d="&#x2039;" t="&#x2039;" note="French left single quotation mark" />
<s b="109" d="&#x00BB;" t="&#x00BB;" note="French right double quotation mark" />
<s b="105" d="&#x00AB;" t="&#x00AB;" note="French left double quotation mark" />
<s b="106" d="&#x2018;" t="&#x2018;" note="left single quotation mark" />
<s b="107" d="&#x25cc;&#x0313;" t="&#x0027;" note="vertical single quote" />
<s b="108" d="&#x25cc;&#x0313;" t="&#x2019;" note="right single quotation mark and apostrophe" />
<s b="109" d="&#x0022;" t="&#x0022;" note="deprecated vertical double quotation mark" />
<s b="9"    d="&#x25CA;" t="&#x9;" note="TAB (represented by a diamond)"/>
<s b="100"  d="-" t="-"/>
<s b="101"  d=":" t=":"/>
<s b="102"  d=";" t=";"/>
<s b="103"  d="?" t="?"/>
<s b="104"  d="!" t="!"/>
<s b="100"  d="," t=","/>
<s b="104"  d="&#183;" t="."/>
</group>
</alphabet>
<alphabet name="Fran&#x00E7;ais / French (combining accents) with numerals and punctuation">
<orientation type="LR"/>
<encoding type="Western"/>
<palette>European/Asian</palette>
<train>training_frenchC_FR.txt</train>
<space d="&#x25a1;" t=" " b="9" note="box" />
<control d="Control" t=""/>
<paragraph d="&#182;" b="9"/>
<group name="Combining accents" b="191" visible="on">
<s d="&#x25cc;&#x0300;"  t="&#x0300;" b="72" note="COMBINING GRAVE ACCENT &#x0060; "/>
<s d="&#x25cc;&#x0301;"  t="&#x0301;" b="82" note="COMBINING ACUTE ACCENT &#x00B4; "/>
<s d="&#x25cc;&#x0302;"  t="&#x0302;" b="72" note="COMBINING CIRCUMFLEX ACCENT  &#x005E; "/>
<s d="&#x25cc;&#x0303;"  t="&#x0303;" b="82" note="COMBINING TILDE &#x007E;  "/>
<s d="&#x25cc;&#x0304;"  t="&#x0304;" b="72" note="COMBINING MACRON  &#x00AF; "/>
<s d="&#x25cc;&#x0327;"  t="&#x0327;" b="82" note="COMBINING CEDILLA &#x00B8; "/>
<s d="&#x25cc;&#x0308;"  t="&#x0308;" b="72" note="COMBINING DIAERESIS or UMLAUT  &#x00A8;"/>
<s b="79"  d="&#xB0;" t="&#xB0;" note="tiny o as in Numero (N^o)"/>
</group>
<group name="Lower case Latin letters" b="0" visible="off">
<s d="a" t="a" b="10"/>
<!-- <s b="69"  d="&#x00E6;" t="&#x00E6;" note="SMALL LETTER AE"/> -->
<s d="b" t="b" b="11"/>
<s d="c" t="c" b="12"/>
<s d="d" t="d" b="13"/>
<s d="e" t="e" b="14"/>
<s d="f" t="f" b="15"/>
<s d="g" t="g" b="16"/>
<s d="h" t="h" b="17"/>
<s d="i" t="i" b="18"/>
<s d="j" t="j" b="19"/>
<s d="k" t="k" b="20"/>
<s d="l" t="l" b="21"/>
<s d="m" t="m" b="22"/>
<s d="n" t="n" b="23"/>
<s d="o" t="o" b="24"/>
<!-- <s b="69"  d="&#x0153;" t="&#x0153;" note="SMALL LIGATURE OE"/> -->
<s d="p" t="p" b="25"/>
<s d="q" t="q" b="26"/>
<s d="r" t="r" b="27"/>
<s d="s" t="s" b="28"/>
<s d="t" t="t" b="29"/>
<s d="u" t="u" b="30"/>
<s d="v" t="v" b="31"/>
<s d="w" t="w" b="32"/>
<s d="x" t="x" b="33"/>
<s d="y" t="y" b="34"/>
<s d="z" t="z" b="35"/>
</group>
<group name="Upper case Latin letters"  b="111">
<s d="A" t="A" b="10"/>
<s d="B" t="B" b="11"/>
<s d="C" t="C" b="12"/>
<s d="D" t="D" b="13"/>
<s d="E" t="E" b="14"/>
<s d="F" t="F" b="15"/>
<s d="G" t="G" b="16"/>
<s d="H" t="H" b="17"/>
<s d="I" t="I" b="18"/>
<s d="J" t="J" b="19"/>
<s d="K" t="K" b="20"/>
<s d="L" t="L" b="21"/>
<s d="M" t="M" b="22"/>
<s d="N" t="N" b="23"/>
<s d="O" t="O" b="24"/>
<!-- <s d="&#x0152;" t="&#x0152;" b="69"  note="CAPITAL LIGATURE OE"/> -->
<s d="P" t="P" b="25"/>
<s d="Q" t="Q" b="26"/>
<s d="R" t="R" b="27"/>
<s d="S" t="S" b="28"/>
<s d="T" t="T" b="29"/>
<s d="U" t="U" b="30"/>
<s d="V" t="V" b="31"/>
<s d="W" t="W" b="32"/>
<s d="X" t="X" b="33"/>
<s d="Y" t="Y" b="34"/>
<s d="Z" t="Z" b="35"/>
</group>
<group name="Numbers" b="113">
<s d="1" t="1" b="90"/>
<s d="2" t="2" b="91"/>
<s d="3" t="3" b="92"/>
<s d="4" t="4" b="93"/>
<s d="5" t="5" b="94"/>
<s d="6" t="6" b="90"/>
<s d="7" t="7" b="91"/>
<s d="8" t="8" b="92"/>
<s d="9" t="9" b="93"/>
<s d="0" t="0" b="94"/>
</group>
<group name="Punctuation" b="112">
<s b="90" d="%" t="%"/>
<s b="91" d="*" t="*"/>
<s b="92" d="+" t="+"/>
<s b="93" d="=" t="="/>
<s b="94" d="/" t="/"/>
<s b="95" d="#" t="#"/>
<s d="&#8364;" t="&#8364;" b="96" note="euro" />
<s b="98" d="$" t="$"/>
<s b="99" d="|" t="|"/>
<s b="95" d="\" t="\"/>
<s b="96" d="~" t="~"/>
<s b="97" d="^" t="^"/>
<s b="98" d="_" t="_"/>
<s b="99" d="&amp;" t="&#38;"/> 
<s b="95" d="@" t="@"/>
<s b="105" d="[" t="["/>
<s b="106" d="]" t="]"/>
<s b="107" d="{" t="{"/>
<s b="108" d="}" t="}"/>
<s b="109" d="&lt;" t="&#x003c;"/>
<s b="105" d="&gt;" t="&#x003e;"/>
<s b="106" d="(" t="("/>
<s b="107" d=")" t=")"/>
<s b="107" d="&#x203A;" t="&#x203A;" note="French right single quotation mark" />
<s b="108" d="&#x2039;" t="&#x2039;" note="French left single quotation mark" />
<s b="109" d="&#x00BB;" t="&#x00BB;" note="French right double quotation mark" />
<s b="105" d="&#x00AB;" t="&#x00AB;" note="French left double quotation mark" />
<s b="106" d="&#x2018;" t="&#x2018;" note="left single quotation mark" />
<s b="107" d="&#x25cc;&#x0313;" t="&#x0027;" note="vertical single quote (used as apostrophe)" />
<s b="108" d="&#x25cc;&#x0313;" t="&#x2019;" note="right single quotation mark and apostrophe" />
<s b="109" d="&#x0022;" t="&#x0022;" note="deprecated vertical double quotation mark" />
<s b="9"    d="&#x25CA;" t="&#x9;" note="TAB (represented by a diamond)"/>
<s b="100"  d="-" t="-"/>
<s b="101"  d=":" t=":"/>
<s b="102"  d=";" t=";"/>
<s b="103"  d="?" t="?"/>
<s b="104"  d="!" t="!"/>
<s b="100"  d="," t=","/>
<s b="104" d="&#183;" t="."/>
</group>
</alphabet>
<alphabet name="Fran&#x00E7;ais / French with numerals and punctuation (vowels grouped)">
<orientation type="LR"/>
<encoding type="Western"/>
<palette>Vowels</palette>
<train>training_french_FR.txt</train>
<space d="&#x25a1;" t=" " b="9" note="box" />
<control d="Control" t="" b="8"/>
<paragraph d="&#182;" b="9"/>
<group name="Lower case Latin letters" b="0"  visible="off">
<group name="a" b="10" label="a"  visible="on">
<group name="Combining accents" b="191" visible="on">
<s b="72"  d="&#x25cc;&#x0300;" t="&#224;" note="grave a"/>
<s b="82"  d="&#x25cc;&#x0302;" t="&#226;"/>
<s b="72"  d="&#x25cc;&#x0308;" t="&#228;"/>
</group>
<s b="10"  d="" t="a"/>
</group>
<s b="11"  d="b" t="b"/>
<group name="c" b="10" label="c"  visible="on">
<s b="10"  d="" t="c"/>
<s b="82"  d="&#x25cc;&#x0327;" t="&#231;"/>
</group>
<s b="12"  d="d" t="d"/>
<group name="e" b="10" label="e"  visible="on">
<group name="Combining accents" b="191" visible="on">
<s b="72"  d="&#x25cc;&#x0300;" t="&#232;"/>
<s b="82"  d="&#x25cc;&#x0301;" t="&#233;"/>
<s b="72"  d="&#x25cc;&#x0302;" t="&#234;"/>
<s b="82"  d="&#x25cc;&#x0308;" t="&#235;"/>
</group>
<s b="10"  d="" t="e"/>
</group>
<s b="13"  d="f" t="f"/>
<s b="11"  d="g" t="g"/>
<s b="12"  d="h" t="h"/>
<group name="i" b="10" label="i"  visible="on">
<group name="Combining accents" b="191" visible="on">
<s b="72"  d="&#x25cc;&#x0302;" t="&#238;"/>
<s b="82"  d="&#x25cc;&#x0308;" t="&#239;"/>
</group>
<s b="10"  d="i" t="i"/>
</group>
<s b="13"  d="j" t="j"/>
<s b="11"  d="k" t="k"/>
<s b="12"  d="l" t="l"/>
<s b="13"  d="m" t="m"/>
<s b="11"  d="n" t="n"/>
<group name="o" b="10" label="o"  visible="on">
<group name="Combining accents" b="191" visible="on">
<s b="72"  d="&#x25cc;&#x0302;" t="&#244;"/>
<s b="82"  d="&#x25cc;&#x0308;" t="&#246;"/>
</group>
<s b="10"  d="" t="o"/>
</group>
<s b="12"  d="p" t="p"/>
<s b="13"  d="q" t="q"/>
<s b="11"  d="r" t="r"/>
<s b="12"  d="s" t="s"/>
<s b="13"  d="t" t="t"/>
<group name="u" b="10" label="u"  visible="on">
<group name="Combining accents" b="191" visible="on">
<s b="72"  d="&#x25cc;&#x0300;" t="&#249;" note="grave u"/>
<s b="82"  d="&#x25cc;&#x0302;" t="&#251;"/>
<s b="72"  d="&#x25cc;&#x0308;" t="&#252;"/>
</group>
<s b="10"  d="" t="u"/>
</group>
<s b="11"  d="v" t="v"/>
<s b="12"  d="w" t="w"/>
<s b="13"  d="x" t="x"/>
<s b="11"  d="y" t="y"/>
<s b="12"  d="z" t="z"/>
</group>
<group name="Upper case Latin letters"  b="111" visible="on">
<group name="A" b="10" label="A"  visible="on">
<group name="Combining accents" b="191" visible="on">
<s b="72"  d="&#x25cc;&#x0300;" t="&#192;" note="grave A"/>
<s b="82"  d="&#x25cc;&#x0302;" t="&#194;" note="circumflex A"/>
</group>
<s b="10"  d="" t="A"/>
</group>
<s b="11"  d="B" t="B"/>
<group name="C" b="10" label="C"  visible="on">
<s b="10"  d="" t="C"/>
<s b="82"  d="&#x25cc;&#x0327;" t="&#199;"/>
</group>
<s b="12"  d="D" t="D"/>
<group name="E" b="10" label="E"  visible="on">
<group name="Combining accents" b="191" visible="on">
<s b="82"  d="&#x25cc;&#x0301;" t="&#201;"/>
<s b="72"  d="&#x25cc;&#x0302;" t="&#202;"/>
</group>
<s b="10"  d="" t="E"/>
</group>
<s b="13"  d="F" t="F"/>
<s b="11"  d="G" t="G"/>
<s b="12"  d="H" t="H"/>
<s b="10"  d="I" t="I"/>
<s b="13"  d="J" t="J"/>
<s b="11"  d="K" t="K"/>
<s b="12"  d="L" t="L"/>
<s b="13"  d="M" t="M"/>
<s b="11"  d="N" t="N"/>
<s b="10"  d="O" t="O"/>
<s b="12"  d="P" t="P"/>
<s b="13"  d="Q" t="Q"/>
<s b="11"  d="R" t="R"/>
<s b="12"  d="S" t="S"/>
<s b="13"  d="T" t="T"/>
<s b="10"  d="U" t="U"/>
<s b="11"  d="V" t="V"/>
<s b="12"  d="W" t="W"/>
<s b="13"  d="X" t="X"/>
<s b="11"  d="Y" t="Y"/>
<s b="12"  d="Z" t="Z"/>
</group>
<group name="Numbers" b="113">
<s d="1" t="1" b="90"/>
<s d="2" t="2" b="105"/>
<s d="3" t="3" b="91"/>
<s d="4" t="4" b="106"/>
<s d="5" t="5" b="92"/>
<s d="6" t="6" b="107"/>
<s d="7" t="7" b="93"/>
<s d="8" t="8" b="108"/>
<s d="9" t="9" b="94"/>
<s d="0" t="0" b="109"/>
</group>
<group name="Punctuation" b="112">
<s b="90" d="%" t="%"/>
<s b="91" d="*" t="*"/>
<s b="92" d="+" t="+"/>
<s b="93" d="=" t="="/>
<s b="94" d="/" t="/"/>
<s b="95" d="#" t="#"/>
<s d="&#8364;" t="&#8364;" b="96" note="euro" />
<s b="98" d="$" t="$"/>
<s b="99" d="|" t="|"/>
<s b="95" d="\" t="\"/>
<s b="96" d="~" t="~"/>
<s b="97" d="^" t="^"/>
<s b="98" d="_" t="_"/>
<s b="99" d="&amp;" t="&#38;"/> 
<s b="95" d="@" t="@"/>
<s b="105" d="[" t="["/>
<s b="106" d="]" t="]"/>
<s b="107" d="{" t="{"/>
<s b="108" d="}" t="}"/>
<s b="109" d="&lt;" t="&#60;"/>
<s b="105" d="&gt;" t="&#62;"/>
<s b="106" d="(" t="("/>
<s b="107" d=")" t=")"/>
<s b="107" d="&#x203A;" t="&#x203A;" note="French right single quotation mark" />
<s b="108" d="&#x2039;" t="&#x2039;" note="French left single quotation mark" />
<s b="109" d="&#x00BB;" t="&#x00BB;" note="French right double quotation mark" />
<s b="105" d="&#x00AB;" t="&#x00AB;" note="French left double quotation mark" />
<s b="106" d="&#x2018;" t="&#x2018;" note="left single quotation mark" />
<s b="107" d="&#x25cc;&#x0313;" t="&#x0027;" note="vertical single quote (used as apostrophe)" />
<s b="108" d="&#x25cc;&#x0313;" t="&#x2019;" note="right single quotation mark and apostrophe" />
<s b="109" d="&#x0022;" t="&#x0022;" note="deprecated vertical double quotation mark" />
<s b="9"   d="&#x25CA;" t="&#x9;" note="TAB (represented by a diamond)"/>
<s b="100" d="-" t="-"/>
<s b="101" d=":" t=":"/>
<s b="102" d=";" t=";"/>
<s b="103" d="?" t="?"/>
<s b="104" d="!" t="!"/>
<s b="100" d="," t=","/>
<s b="104" d="&#183;" t="."/>
</group>
</alphabet>
</alphabets>
