<?xml version="1.0" encoding="UTF-8"?>
<!DOCTYPE alphabets SYSTEM "alphabet.dtd">
<?xml-stylesheet type="text/xsl" href="alphabet.xsl"?>
<alphabets>
<alphabet name="Korean &#54620;&#44397;&#50612; (Combining 67 Jamo)">
<!-- Colour scheme added Wed 8/6/05 by David MacKay, updated Fri 6/4/07
     Please switch off "box outlines" for best appearance.  -->
<orientation type="LR"/>
<encoding type="Western"/>
<palette>European/Asian</palette>
<train>training_korean_KR.txt</train>
<space d="&#x25a1;" t=" " b="9" note="box" />
<control d="Control" t="" b="8"/>
<paragraph d="&#182;" b="9"/>
<!-- <group name="Korean consonants, vowels, and trailers"  b="111"  visible="on"> -->
<group name="Korean initial consonants"  b="111"  visible="on">
<s d="&#4352;" t="&#4352;" b="90"/>
<s d="&#4353;" t="&#4353;" b="91"/>
<s d="&#4354;" t="&#4354;" b="92"/>
<s d="&#4355;" t="&#4355;" b="93"/>
<s d="&#4356;" t="&#4356;" b="94"/>
<s d="&#4357;" t="&#4357;" b="90"/>
<s d="&#4358;" t="&#4358;" b="91"/>
<s d="&#4359;" t="&#4359;" b="92"/>
<s d="&#4360;" t="&#4360;" b="93"/>
<s d="&#4361;" t="&#4361;" b="94"/>
<s d="&#4362;" t="&#4362;" b="90"/>
<s d="&#4363;" t="&#4363;" b="91"/>
<s d="&#4364;" t="&#4364;" b="92"/>
<s d="&#4365;" t="&#4365;" b="93"/>
<s d="&#4366;" t="&#4366;" b="94"/>
<s d="&#4367;" t="&#4367;" b="90"/>
<s d="&#4368;" t="&#4368;" b="91"/>
<s d="&#4369;" t="&#4369;" b="92"/>
<s d="&#4370;" t="&#4370;" b="93"/>
<!-- <s d="&#4447;" t="&#4447;" b="94"/>  -->
</group> 
<group name="Korean vowels"   b="189"   visible="on">
<!--  colour for this group was 141 -->
<s d="&#4449;" t="&#4449;" b="100" note="a"/>
<s d="&#4450;" t="&#4450;" b="101" note="ae"/>
<s d="&#4451;" t="&#4451;" b="102" note="ya"/>
<s d="&#4452;" t="&#4452;" b="103" note="yae"/>
<s d="&#4453;" t="&#4453;" b="104" note="eo"/>
<s d="&#4454;" t="&#4454;" b="100" note="e"/>
<s d="&#4455;" t="&#4455;" b="101" note="yeo"/>
<s d="&#4456;" t="&#4456;" b="102" note="ye"/>
<s d="&#4457;" t="&#4457;" b="103" note="o"/>
<s d="&#4458;" t="&#4458;" b="104" note="wa"/>
<s d="&#4459;" t="&#4459;" b="100" note="wae"/>
<s d="&#4460;" t="&#4460;" b="101" note="oe"/>
<s d="&#4461;" t="&#4461;" b="102" note="yo"/>
<s d="&#4462;" t="&#4462;" b="103" note="u"/>
<s d="&#4463;" t="&#4463;" b="104" note="weo"/>
<s d="&#4464;" t="&#4464;" b="100" note="we"/>
<s d="&#4465;" t="&#4465;" b="101" note="wi"/>
<s d="&#4466;" t="&#4466;" b="102" note="yu"/>
<s d="&#4467;" t="&#4467;" b="103" note="eu"/>
<s d="&#4468;" t="&#4468;" b="104" note="yi"/>
<s d="&#4469;" t="&#4469;" b="100" note="i"/>
</group> 
<group name="Korean trailing consonants"   b="129"   visible="on">
<s d="&#4520;" t="&#4520;" b="105"/>
<s d="&#4521;" t="&#4521;" b="106"/>
<s d="&#4522;" t="&#4522;" b="107"/>
<s d="&#4523;" t="&#4523;" b="108"/>
<s d="&#4524;" t="&#4524;" b="109"/>
<s d="&#4525;" t="&#4525;" b="105"/>
<s d="&#4526;" t="&#4526;" b="106"/>
<s d="&#4527;" t="&#4527;" b="107"/>
<s d="&#4528;" t="&#4528;" b="108"/>
<s d="&#4529;" t="&#4529;" b="109"/>
<s d="&#4530;" t="&#4530;" b="105"/>
<s d="&#4531;" t="&#4531;" b="106"/>
<s d="&#4532;" t="&#4532;" b="107"/>
<s d="&#4533;" t="&#4533;" b="108"/>
<s d="&#4534;" t="&#4534;" b="109"/>
<s d="&#4535;" t="&#4535;" b="105"/>
<s d="&#4536;" t="&#4536;" b="106"/>
<s d="&#4537;" t="&#4537;" b="107"/>
<s d="&#4538;" t="&#4538;" b="108"/>
<s d="&#4539;" t="&#4539;" b="109"/>
<s d="&#4540;" t="&#4540;" b="105"/>
<s d="&#4541;" t="&#4541;" b="106"/>
<s d="&#4542;" t="&#4542;" b="107"/>
<s d="&#4543;" t="&#4543;" b="108"/>
<s d="&#4544;" t="&#4544;" b="109"/>
<s d="&#4545;" t="&#4545;" b="105"/>
<s d="&#4546;" t="&#4546;" b="106"/>
</group> 
<group name="Korean filler character "   b="115" >
<!-- <s d="&#8594;" t="&#4447;" b="65"/> -->
</group>			     
</alphabet>			     

<alphabet name="Korean  &#54620;&#44397;&#50612; with numerals and punctuation (Combining 67 Jamo) ">
<!-- Colour scheme added Wed 8/6/05 by David MacKay, updated Fri 6/4/07
     Please switch off "box outlines" for best appearance.  -->
<orientation type="LR"/>
<encoding type="Western"/>
<palette>European/Asian</palette>
<train>training_korean_KR.txt</train>
<space d="&#x25a1;" t=" " b="9" note="box" />
<control d="Control"  t="" b="8"/>
<paragraph d="&#182;" b="9"/>
<!-- group name="Korean letters"  b="141"  visible="off" -->
<group name="Korean initial consonants"  b="111"  visible="on">
<s d="&#4352;" t="&#4352;" b="90"/>
<s d="&#4353;" t="&#4353;" b="91"/>
<s d="&#4354;" t="&#4354;" b="92"/>
<s d="&#4355;" t="&#4355;" b="93"/>
<s d="&#4356;" t="&#4356;" b="94"/>
<s d="&#4357;" t="&#4357;" b="90"/>
<s d="&#4358;" t="&#4358;" b="91"/>
<s d="&#4359;" t="&#4359;" b="92"/>
<s d="&#4360;" t="&#4360;" b="93"/>
<s d="&#4361;" t="&#4361;" b="94"/>
<s d="&#4362;" t="&#4362;" b="90"/>
<s d="&#4363;" t="&#4363;" b="91"/>
<s d="&#4364;" t="&#4364;" b="92"/>
<s d="&#4365;" t="&#4365;" b="93"/>
<s d="&#4366;" t="&#4366;" b="94"/>
<s d="&#4367;" t="&#4367;" b="90"/>
<s d="&#4368;" t="&#4368;" b="91"/>
<s d="&#4369;" t="&#4369;" b="92"/>
<s d="&#4370;" t="&#4370;" b="93"/>
<!-- <s d="&#4447;" t="&#4447;" b="94"/> -->
</group>
<group name="Korean vowels"   b="189"  visible="on">
<!--  colour for this group was 141 -->
<s d="&#4449;" t="&#4449;" b="100"/>
<s d="&#4450;" t="&#4450;" b="101"/>
<s d="&#4451;" t="&#4451;" b="102"/>
<s d="&#4452;" t="&#4452;" b="103"/>
<s d="&#4453;" t="&#4453;" b="104"/>
<s d="&#4454;" t="&#4454;" b="100"/>
<s d="&#4455;" t="&#4455;" b="101"/>
<s d="&#4456;" t="&#4456;" b="102"/>
<s d="&#4457;" t="&#4457;" b="103"/>
<s d="&#4458;" t="&#4458;" b="104"/>
<s d="&#4459;" t="&#4459;" b="100"/>
<s d="&#4460;" t="&#4460;" b="101"/>
<s d="&#4461;" t="&#4461;" b="102"/>
<s d="&#4462;" t="&#4462;" b="103"/>
<s d="&#4463;" t="&#4463;" b="104"/>
<s d="&#4464;" t="&#4464;" b="100"/>
<s d="&#4465;" t="&#4465;" b="101"/>
<s d="&#4466;" t="&#4466;" b="102"/>
<s d="&#4467;" t="&#4467;" b="103"/>
<s d="&#4468;" t="&#4468;" b="104"/>
<s d="&#4469;" t="&#4469;" b="100"/>
</group>
<group name="Korean trailing consonants"   b="129"  visible="on">
<s d="&#4520;" t="&#4520;" b="105"/>
<s d="&#4521;" t="&#4521;" b="106"/>
<s d="&#4522;" t="&#4522;" b="107"/>
<s d="&#4523;" t="&#4523;" b="108"/>
<s d="&#4524;" t="&#4524;" b="109"/>
<s d="&#4525;" t="&#4525;" b="105"/>
<s d="&#4526;" t="&#4526;" b="106"/>
<s d="&#4527;" t="&#4527;" b="107"/>
<s d="&#4528;" t="&#4528;" b="108"/>
<s d="&#4529;" t="&#4529;" b="109"/>
<s d="&#4530;" t="&#4530;" b="105"/>
<s d="&#4531;" t="&#4531;" b="106"/>
<s d="&#4532;" t="&#4532;" b="107"/>
<s d="&#4533;" t="&#4533;" b="108"/>
<s d="&#4534;" t="&#4534;" b="109"/>
<s d="&#4535;" t="&#4535;" b="105"/>
<s d="&#4536;" t="&#4536;" b="106"/>
<s d="&#4537;" t="&#4537;" b="107"/>
<s d="&#4538;" t="&#4538;" b="108"/>
<s d="&#4539;" t="&#4539;" b="109"/>
<s d="&#4540;" t="&#4540;" b="105"/>
<s d="&#4541;" t="&#4541;" b="106"/>
<s d="&#4542;" t="&#4542;" b="107"/>
<s d="&#4543;" t="&#4543;" b="108"/>
<s d="&#4544;" t="&#4544;" b="109"/>
<s d="&#4545;" t="&#4545;" b="105"/>
<s d="&#4546;" t="&#4546;" b="106"/>
</group>			     
<!-- <group name="Korean filler character "   b="115" >
     <s d="&#8594;" t="&#4447;" b="65"/>
     </group>			      -->
<!-- /group -->
<group name="Numerals"  b="113" >
<s d="1" t="1"  b="35" />
<s d="2" t="2"  b="36" />
<s d="3" t="3"  b="34" />
<s d="4" t="4"  b="35" />
<s d="5" t="5"  b="36" />
<s d="6" t="6"  b="34" />
<s d="7" t="7"  b="35" />
<s d="8" t="8"  b="36" />
<s d="9" t="9"  b="34" />
<s d="0" t="0"  b="35" />
</group>
<group name="Punctuation" b="112">
<s b="90" d="%" t="%"/>
<s b="91" d="*" t="*"/>
<s b="92" d="+" t="+"/>
<s b="93" d="=" t="="/>
<s b="94" d="/" t="/"/>
<s b="95" d="#" t="#"/>
<s b="96" d="$" t="$"/>
<s b="97" d="&amp;" t="&amp;"/> 
<s b="98" d="@" t="@"/>
<s b="105" d="[" t="["/>
<s b="106" d="]" t="]"/>
<s b="106" d="(" t="("/>
<s b="107" d=")" t=")"/>
<s b="108" d="&#x2018;" t="&#x2018;" note="korean quote"/>
<s b="108" d="&#x2019;" t="&#x2019;" note="korean quote"/>
<s b="100" d="-" t="-"/>
<s b="101" d=":" t=":"/>
<s b="102" d=";" t=";"/>
<s b="103" d="?" t="?"/>
<s b="104" d="!" t="!"/>
<s b="100" d="," t=","/>
<s b="104" d="." t="."/>
<s b="104" d="&#x2299;" t="&#x2299;" note="korean period?"/>
</group>
</alphabet>			     
</alphabets>
