<?xml version="1.0" encoding="UTF-8"?>
<!DOCTYPE alphabets SYSTEM "alphabet.dtd">
<?xml-stylesheet type="text/xsl" href="alphabet.xsl"?>
<alphabets>
<alphabet name="Deutsch / German with numerals and punctuation">
<orientation type="LR"/>
<encoding type="Western"/>
<palette>European/Asian</palette>
<train>training_german_DE.txt</train>
<paragraph d="&#182;" b="9"/>
<space d="&#x25a1;" t=" " b="9" note="box" />
<control d="Control" t="" b="8" />
<group name="Lower case Latin letters"  b="0">
<s b="10" d="a" t="a"/>
<s b="11" d="&#228;" t="&#228;"/>
<s b="12" d="b" t="b"/>
<s b="13" d="c" t="c"/>
<s b="14" d="d" t="d"/>
<s b="15" d="e" t="e"/>
<s b="16" d="f" t="f"/>
<s b="17" d="g" t="g"/>
<s b="18" d="h" t="h"/>
<s b="19" d="i" t="i"/>
<s b="20" d="j" t="j"/>
<s b="21" d="k" t="k"/>
<s b="22" d="l" t="l"/>
<s b="23" d="m" t="m"/>
<s b="24" d="n" t="n"/>
<s b="25" d="o" t="o"/>
<s b="26" d="&#246;" t="&#246;"/>
<s b="27" d="p" t="p"/>
<s b="28" d="q" t="q"/>
<s b="29" d="r" t="r"/>
<s b="30" d="s" t="s"/>
<s b="31" d="&#223;" t="&#223;"/>
<s b="32" d="t" t="t"/>
<s b="33" d="u" t="u"/>
<s b="34" d="&#252;" t="&#252;"/>
<s b="35" d="v" t="v"/>
<s b="36" d="w" t="w"/>
<s b="37" d="x" t="x"/>
<s b="38" d="y" t="y"/>
<s b="39" d="z" t="z"/>
</group>
<group name="Upper case Latin letters" b="111">
<s b="10"  d="A" t="A"/>
<s b="11"  d="&#196;" t="&#196;"/>
<s b="12"  d="B" t="B"/>
<s b="13"  d="C" t="C"/>
<s b="14"  d="D" t="D"/>
<s b="15"  d="E" t="E"/>
<s b="16"  d="F" t="F"/>
<s b="17"  d="G" t="G"/>
<s b="18"  d="H" t="H"/>
<s b="19"  d="I" t="I"/>
<s b="20"  d="J" t="J"/>
<s b="21"  d="K" t="K"/>
<s b="22"  d="L" t="L"/>
<s b="23"  d="M" t="M"/>
<s b="24"  d="N" t="N"/>
<s b="25"  d="O" t="O"/>
<s b="26"  d="&#214;" t="&#214;"/>
<s b="27"  d="P" t="P"/>
<s b="28"  d="Q" t="Q"/>
<s b="29"  d="R" t="R"/>
<s b="30"  d="S" t="S"/>
<s b="31"  d="T" t="T"/>
<s b="32"  d="U" t="U"/>
<s b="33"  d="&#220;" t="&#220;"/>
<s b="34"  d="V" t="V"/>
<s b="35"  d="W" t="W"/>
<s b="36"  d="X" t="X"/>
<s b="37"  d="Y" t="Y"/>
<s b="38"  d="Z" t="Z"/>
</group>
<group name="Numbers" b="113">
<s d="1" t="1" b="90"/>
<s d="2" t="2" b="105"/>
<s d="3" t="3" b="91"/>
<s d="4" t="4" b="106"/>
<s d="5" t="5" b="92"/>
<s d="6" t="6" b="107"/>
<s d="7" t="7" b="93"/>
<s d="8" t="8" b="108"/>
<s d="9" t="9" b="94"/>
<s d="0" t="0" b="109"/>
</group>
<group name="Punctuation" b="112">
<s b="90" d="%" t="%"/>
<s b="91" d="*" t="*"/>
<s b="92" d="+" t="+"/>
<s b="93" d="=" t="="/>
<s b="94" d="/" t="/"/>
<s b="95" d="#" t="#"/>
<s d="&#8364;" t="&#8364;" b="96" note="euro" />
<s b="98" d="$" t="$"/>
<s b="99" d="|" t="|"/>
<s b="95" d="\" t="\"/>
<s b="96" d="~" t="~"/>
<s b="97" d="^" t="^"/>
<s b="98" d="_" t="_"/>
<s b="99" d="&amp;" t="&amp;"/> 
<s b="95" d="@" t="@"/>
<s b="105" d="[" t="["/>
<s b="106" d="]" t="]"/>
<s b="107" d="{" t="{"/>
<s b="108" d="}" t="}"/>
<s b="109" d="&lt;" t="&lt;"/>
<s b="105" d="&gt;" t="&gt;"/>
<s b="106" d="(" t="("/>
<s b="107" d=")" t=")"/>
<s b="108" d="&#x201E;" t="&#x201E;" note="German left double quotation mark; Albanian right" />
<s b="109" d="&#x201C;" t="&#x201C;" note="left double quotation mark" />
<s b="106" d="&#x0022;" t="&#x0022;" note="deprecated vertical double quotation mark" />
<s b="107" d="&#x201D;" t="&#x201D;" note="right double quotation mark" />
<s b="108" d="&#x201A;" t="&#x201A;" note="German left single quotation mark; Albanian right" />
<s b="109" d="&#x2018;" t="&#x2018;" note="left single quotation mark" />
<s b="105" d="&#x0027;" t="&#x0027;" note="vertical single quote" />
<s b="106" d="&#x25cc;&#x0313;" t="&#x2019;" note="right single quotation mark and apostrophe" />
<s b="9"   d="&#x25CA;" t="&#x9;" note="TAB (represented by a diamond)"/>
<s b="100"  d="-" t="-"/>
<s b="101"  d=":" t=":"/>
<s b="102"  d=";" t=";"/>
<s b="103"  d="?" t="?"/>
<s b="104"  d="!" t="!"/>
<s b="100"  d="," t=","/>
<s b="104"  d="." t="."/>
</group>
</alphabet>
<alphabet name="Deutsch / German with limited punctuation">
<orientation type="LR"/>
<encoding type="Western"/>
<palette>Default</palette>
<train>training_german_DE.txt</train>
<paragraph d="&#182;" b="9"/>
<space d="&#x25a1;" t=" " b="9" note="box" />
<control d="Control" t="" b="8" />
<group name="Lower case Latin letters" b="0">
<s d="a" t="a"/>
<s d="&#228;" t="&#228;"/>
<s d="b" t="b"/>
<s d="c" t="c"/>
<s d="d" t="d"/>
<s d="e" t="e"/>
<s d="f" t="f"/>
<s d="g" t="g"/>
<s d="h" t="h"/>
<s d="i" t="i"/>
<s d="j" t="j"/>
<s d="k" t="k"/>
<s d="l" t="l"/>
<s d="m" t="m"/>
<s d="n" t="n"/>
<s d="o" t="o"/>
<s d="&#246;" t="&#246;"/>
<s d="p" t="p"/>
<s d="q" t="q"/>
<s d="r" t="r"/>
<s d="s" t="s"/>
<s d="&#223;" t="&#223;"/>
<s d="t" t="t"/>
<s d="u" t="u"/>
<s d="&#252;" t="&#252;"/>
<s d="v" t="v"/>
<s d="w" t="w"/>
<s d="x" t="x"/>
<s d="y" t="y"/>
<s d="z" t="z"/>
</group>
<group name="Upper case Latin letters" b="111">
<s d="A" t="A"/>
<s d="&#196;" t="&#196;"/>
<s d="B" t="B"/>
<s d="C" t="C"/>
<s d="D" t="D"/>
<s d="E" t="E"/>
<s d="F" t="F"/>
<s d="G" t="G"/>
<s d="H" t="H"/>
<s d="I" t="I"/>
<s d="J" t="J"/>
<s d="K" t="K"/>
<s d="L" t="L"/>
<s d="M" t="M"/>
<s d="N" t="N"/>
<s d="O" t="O"/>
<s d="&#214;" t="&#214;"/>
<s d="P" t="P"/>
<s d="Q" t="Q"/>
<s d="R" t="R"/>
<s d="S" t="S"/>
<s d="T" t="T"/>
<s d="U" t="U"/>
<s d="&#220;" t="&#220;"/>
<s d="V" t="V"/>
<s d="W" t="W"/>
<s d="X" t="X"/>
<s d="Y" t="Y"/>
<s d="Z" t="Z"/>
</group>
<group name="Punctuation" b="112">
<s d="&#x2019;" t="&#x2019;" note="right single quotation mark and apostrophe" />
<s d="?" t="?"/>
<s d="!" t="!"/>
<s d="," t=","/>
<s d="." t="."/>
</group>
</alphabet>
<!--<alphabet name="Deutsch / German lower case">
<orientation type="LR"/>
<encoding type="Western"/>
<palette>Default</palette>
<train>training_germanL_DE.txt</train>
<paragraph d="&#182;" b="9"/>
<space d="&#x25a1;" t=" " b="9" note="box" />
<control d="Control" t="" b="8" />
<group name="Lower case Latin letters" b="0">
<s d="a" t="a"/>
<s d="&#228;" t="&#228;"/>
<s d="b" t="b"/>
<s d="c" t="c"/>
<s d="d" t="d"/>
<s d="e" t="e"/>
<s d="f" t="f"/>
<s d="g" t="g"/>
<s d="h" t="h"/>
<s d="i" t="i"/>
<s d="j" t="j"/>
<s d="k" t="k"/>
<s d="l" t="l"/>
<s d="m" t="m"/>
<s d="n" t="n"/>
<s d="o" t="o"/>
<s d="&#246;" t="&#246;"/>
<s d="p" t="p"/>
<s d="q" t="q"/>
<s d="r" t="r"/>
<s d="s" t="s"/>
<s d="&#223;" t="&#223;"/>
<s d="t" t="t"/>
<s d="u" t="u"/>
<s d="&#252;" t="&#252;"/>
<s d="v" t="v"/>
<s d="w" t="w"/>
<s d="x" t="x"/>
<s d="y" t="y"/>
<s d="z" t="z"/>
</group>
<group name="Punctuation" b="112">
<s d="." t="."/>
</group>
</alphabet>-->
</alphabets>
