<?xml version="1.0"?>
<!DOCTYPE alphabets SYSTEM "alphabet.dtd">
<?xml-stylesheet type="text/xsl" href="alphabet.xsl"?>
<alphabets>
<alphabet name="Nepali with punctuation and numerals">
<orientation type="LR"/>
<encoding type="Western"/>
<palette>European/Asian</palette>
<train>training_nepali_NP.txt</train>
<space d="&#x25a1;" t=" " b="9" />
<paragraph d="&#182;" b="9"/>
<control d="Control" t="" b="8"/>
<group name="lower case letters" b="0">
<s d="&#x0905;" t="&#x0905;"  note="DEVANAGARI LETTER A  "  />
<s d="&#x0906;" t="&#x0906;"  note="DEVANAGARI LETTER AA  "  />
<s d="&#x0907;" t="&#x0907;"  note="DEVANAGARI LETTER I  "  />
<s d="&#x0908;" t="&#x0908;"  note="DEVANAGARI LETTER II  "  />
<s d="&#x0909;" t="&#x0909;"  note="DEVANAGARI LETTER U  "  />
<s d="&#x090A;" t="&#x090A;"  note="DEVANAGARI LETTER UU  "  />
<s d="&#x090B;" t="&#x090B;"  note="DEVANAGARI LETTER VOCALIC R  "  />
<s d="&#x090F;" t="&#x090F;"  note="DEVANAGARI LETTER E  "  />
<s d="&#x0910;" t="&#x0910;"  note="DEVANAGARI LETTER AI  "  />
<s d="&#x0913;" t="&#x0913;"  note="DEVANAGARI LETTER O  "  />
<s d="&#x0914;" t="&#x0914;"  note="DEVANAGARI LETTER AU  "  />
<s d="&#x0915;" t="&#x0915;"  note="DEVANAGARI LETTER KA  "  />
<s d="&#x0916;" t="&#x0916;"  note="DEVANAGARI LETTER KHA  "  />
<s d="&#x0917;" t="&#x0917;"  note="DEVANAGARI LETTER GA  "  />
<s d="&#x0918;" t="&#x0918;"  note="DEVANAGARI LETTER GHA  "  />
<s d="&#x0919;" t="&#x0919;"  note="DEVANAGARI LETTER NGA  "  />
<s d="&#x091A;" t="&#x091A;"  note="DEVANAGARI LETTER CA  "  />
<s d="&#x091B;" t="&#x091B;"  note="DEVANAGARI LETTER CHA  "  />
<s d="&#x091C;" t="&#x091C;"  note="DEVANAGARI LETTER JA  "  />
<s d="&#x091D;" t="&#x091D;"  note="DEVANAGARI LETTER JHA  "  />
<s d="&#x091E;" t="&#x091E;"  note="DEVANAGARI LETTER NYA  "  />
<s d="&#x091F;" t="&#x091F;"  note="DEVANAGARI LETTER TTA  "  />
<s d="&#x0920;" t="&#x0920;"  note="DEVANAGARI LETTER TTHA  "  />
<s d="&#x0921;" t="&#x0921;"  note="DEVANAGARI LETTER DDA  "  />
<s d="&#x0922;" t="&#x0922;"  note="DEVANAGARI LETTER DDHA  "  />
<s d="&#x0923;" t="&#x0923;"  note="DEVANAGARI LETTER NNA  "  />
<s d="&#x0924;" t="&#x0924;"  note="DEVANAGARI LETTER TA  "  />
<s d="&#x0925;" t="&#x0925;"  note="DEVANAGARI LETTER THA  "  />
<s d="&#x0926;" t="&#x0926;"  note="DEVANAGARI LETTER DA  "  />
<s d="&#x0927;" t="&#x0927;"  note="DEVANAGARI LETTER DHA  "  />
<s d="&#x0928;" t="&#x0928;"  note="DEVANAGARI LETTER NA  "  />
<s d="&#x092A;" t="&#x092A;"  note="DEVANAGARI LETTER PA  "  />
<s d="&#x092B;" t="&#x092B;"  note="DEVANAGARI LETTER PHA  "  />
<s d="&#x092C;" t="&#x092C;"  note="DEVANAGARI LETTER BA  "  />
<s d="&#x092D;" t="&#x092D;"  note="DEVANAGARI LETTER BHA  "  />
<s d="&#x092E;" t="&#x092E;"  note="DEVANAGARI LETTER MA  "  />
<s d="&#x092F;" t="&#x092F;"  note="DEVANAGARI LETTER YA  "  />
<s d="&#x0930;" t="&#x0930;"  note="DEVANAGARI LETTER RA  "  />
<s d="&#x0932;" t="&#x0932;"  note="DEVANAGARI LETTER LA  "  />
<s d="&#x0935;" t="&#x0935;"  note="DEVANAGARI LETTER VA  "  />
<s d="&#x0936;" t="&#x0936;"  note="DEVANAGARI LETTER SHA  "  />
<s d="&#x0937;" t="&#x0937;"  note="DEVANAGARI LETTER SSA  "  />
<s d="&#x0938;" t="&#x0938;"  note="DEVANAGARI LETTER SA  "  />
<s d="&#x0939;" t="&#x0939;"  note="DEVANAGARI LETTER HA  "  />
</group>
<group name="Numbers" b="113">
<s d="1" t="1" b="90"/>
<s d="2" t="2" b="91"/>
<s d="3" t="3" b="92"/>
<s d="4" t="4" b="93"/>
<s d="5" t="5" b="94"/>
<s d="6" t="6" b="90"/>
<s d="7" t="7" b="91"/>
<s d="8" t="8" b="92"/>
<s d="9" t="9" b="93"/>
<s d="0" t="0" b="94"/>
</group>
<group name="Punctuation" b="112">
<s b="90" d="%" t="%"/>
<s b="91" d="*" t="*"/>
<s b="92" d="+" t="+"/>
<s b="93" d="=" t="="/>
<s b="94" d="/" t="/"/>
<s b="95" d="#" t="#"/>
<s b="98" d="$" t="$"/>
<s b="99" d="|" t="|"/>
<s b="95" d="\" t="\"/>
<s b="96" d="~" t="~"/>
<s b="97" d="^" t="^"/>
<s b="98" d="_" t="_"/>
<s b="99" d="&amp;" t="&amp;"/> 
<s b="95" d="@" t="@"/>
<s b="105" d="[" t="["/>
<s b="106" d="]" t="]"/>
<s b="107" d="{" t="{"/>
<s b="108" d="}" t="}"/>
<s b="109" d="&lt;" t="&lt;"/>
<s b="105" d="&gt;" t="&gt;"/>
<s b="106" d="(" t="("/>
<s b="107" d=")" t=")"/>
<s b="108" d="&#x201C;" t="&#x201C;" note="left double quotation mark" />
<s b="109" d="&#x0022;" t="&#x0022;" note="deprecated vertical double quotation mark" />
<s b="106" d="&#x201D;" t="&#x201D;" note="right double quotation mark" />
<s b="107" d="&#x2018;" t="&#x2018;" note="left single quotation mark" />
<s b="108" d="&#x2019;" t="&#x2019;" note="right single quotation mark and apostrophe" />
<s b="109" d="`" t="`" note="left quote from keyboard" />
<s b="105" d="&#x25cc;&#x0313;" t="&apos;" note=" apostrophe"/>
<s b="9"  d="&#x25CA;" t="&#x9;" note="TAB (represented by a diamond)"/>
<s b="100" d="-" t="-"/>
<s b="101" d=":" t=":"/>
<s b="102" d=";" t=";"/>
<s b="103" d="?" t="?"/>
<s b="104" d="!" t="!"/>
<s b="100" d="," t=","/>
<s b="104" d="." t="."/>
</group>
</alphabet>
</alphabets>








