<?xml version="1.0"?>
<!DOCTYPE alphabets SYSTEM "alphabet.dtd">
<?xml-stylesheet type="text/xsl" href="alphabet.xsl"?>
<alphabets>
<alphabet name="Kannada with punctuation and numerals">
<orientation type="LR"/>
<encoding type="Western"/>
<palette>Default</palette>
<train>training_Kannada_IN.txt</train>
<space d="&#x25a1;" t=" " b="9" note="box" />
<paragraph d="&#182;" b="9"/>
<control d="Control" t="" b="8"/>
<group name="KANNADA  letters" b="0">
<s d="&#x0C85;" t="&#x0C85;" note="KANNADA LETTER A " />
<s d="&#x0C86;" t="&#x0C86;" note="KANNADA LETTER AA " />
<s d="&#x0C87;" t="&#x0C87;" note="KANNADA LETTER I " />
<s d="&#x0C88;" t="&#x0C88;" note="KANNADA LETTER II " />
<s d="&#x0C89;" t="&#x0C89;" note="KANNADA LETTER U " />
<s d="&#x0C8A;" t="&#x0C8A;" note="KANNADA LETTER UU " />
<s d="&#x0C8B;" t="&#x0C8B;" note="KANNADA LETTER VOCALIC R " />
<s d="&#x0CE0;" t="&#x0CE0;" note="KANNADA LETTER VOCALIC RR " />
<s d="&#x0C8C;" t="&#x0C8C;" note="KANNADA LETTER VOCALIC L " />
<s d="&#x0CE1;" t="&#x0CE1;" note="KANNADA LETTER VOCALIC LL " />
<s d="&#x0C8E;" t="&#x0C8E;" note="KANNADA LETTER E " />
<s d="&#x0C8F;" t="&#x0C8F;" note="KANNADA LETTER EE " />
<s d="&#x0C90;" t="&#x0C90;" note="KANNADA LETTER AI " />
<s d="&#x0C92;" t="&#x0C92;" note="KANNADA LETTER O " />
<s d="&#x0C93;" t="&#x0C93;" note="KANNADA LETTER OO " />
<s d="&#x0C94;" t="&#x0C94;" note="KANNADA LETTER AU " />
<s d="&#x0C95;" t="&#x0C95;" note="KANNADA LETTER KA " />
<s d="&#x0C96;" t="&#x0C96;" note="KANNADA LETTER KHA " />
<s d="&#x0C97;" t="&#x0C97;" note="KANNADA LETTER GA " />
<s d="&#x0C98;" t="&#x0C98;" note="KANNADA LETTER GHA " />
<s d="&#x0C99;" t="&#x0C99;" note="KANNADA LETTER NGA " />
<s d="&#x0C9A;" t="&#x0C9A;" note="KANNADA LETTER CA " />
<s d="&#x0C9B;" t="&#x0C9B;" note="KANNADA LETTER CHA " />
<s d="&#x0C9C;" t="&#x0C9C;" note="KANNADA LETTER JA " />
<s d="&#x0C9D;" t="&#x0C9D;" note="KANNADA LETTER JHA " />
<s d="&#x0C9E;" t="&#x0C9E;" note="KANNADA LETTER NYA " />
<s d="&#x0C9F;" t="&#x0C9F;" note="KANNADA LETTER TTA " />
<s d="&#x0CA0;" t="&#x0CA0;" note="KANNADA LETTER TTHA " />
<s d="&#x0CA1;" t="&#x0CA1;" note="KANNADA LETTER DDA " />
<s d="&#x0CA2;" t="&#x0CA2;" note="KANNADA LETTER DDHA " />
<s d="&#x0CA3;" t="&#x0CA3;" note="KANNADA LETTER NNA " />
<s d="&#x0CA4;" t="&#x0CA4;" note="KANNADA LETTER TA " />
<s d="&#x0CA5;" t="&#x0CA5;" note="KANNADA LETTER THA " />
<s d="&#x0CA6;" t="&#x0CA6;" note="KANNADA LETTER DA " />
<s d="&#x0CA7;" t="&#x0CA7;" note="KANNADA LETTER DHA " />
<s d="&#x0CA8;" t="&#x0CA8;" note="KANNADA LETTER NA " />
<s d="&#x0CAA;" t="&#x0CAA;" note="KANNADA LETTER PA " />
<s d="&#x0CAB;" t="&#x0CAB;" note="KANNADA LETTER PHA " />
<s d="&#x0CAC;" t="&#x0CAC;" note="KANNADA LETTER BA " />
<s d="&#x0CAD;" t="&#x0CAD;" note="KANNADA LETTER BHA " />
<s d="&#x0CAE;" t="&#x0CAE;" note="KANNADA LETTER MA " />
<s d="&#x0CAF;" t="&#x0CAF;" note="KANNADA LETTER YA " />
<s d="&#x0CB0;" t="&#x0CB0;" note="KANNADA LETTER RA " />
<s d="&#x0CB1;" t="&#x0CB1;" note="KANNADA LETTER RRA " />
<s d="&#x0CB2;" t="&#x0CB2;" note="KANNADA LETTER LA " />
<s d="&#x0CB5;" t="&#x0CB5;" note="KANNADA LETTER VA " />
<s d="&#x0CB6;" t="&#x0CB6;" note="KANNADA LETTER SHA " />
<s d="&#x0CB7;" t="&#x0CB7;" note="KANNADA LETTER SSA " />
<s d="&#x0CB8;" t="&#x0CB8;" note="KANNADA LETTER SA " />
<s d="&#x0CB9;" t="&#x0CB9;" note="KANNADA LETTER HA " />
<s d="&#x0CBD;" t="&#x0CBD;" note="KANNADA SIGN AVAGRAHA " />
<s d="&#x0CB3;" t="&#x0CB3;" note="KANNADA LETTER LLA " />
<s d="&#x0CDE;" t="&#x0CDE;" note="KANNADA LETTER FA " />
</group>
<group name="Kannada vowel signs and other marks"  b="111">
<s d="&#x25cc;&#x0CBE;" t="&#x0CBE;" note="KANNADA VOWEL SIGN AA " />
<s d="&#x25cc;&#x0CBF;" t="&#x0CBF;" note="KANNADA VOWEL SIGN I " />
<s d="&#x25cc;&#x0CC0;" t="&#x0CC0;" note="KANNADA VOWEL SIGN II " />
<s d="&#x25cc;&#x0CC1;" t="&#x0CC1;" note="KANNADA VOWEL SIGN U " />
<s d="&#x25cc;&#x0CC2;" t="&#x0CC2;" note="KANNADA VOWEL SIGN UU " />
<s d="&#x25cc;&#x0CC3;" t="&#x0CC3;" note="KANNADA VOWEL SIGN VOCALIC R " />
<s d="&#x25cc;&#x0CC4;" t="&#x0CC4;" note="KANNADA VOWEL SIGN VOCALIC RR " />
<s d="&#x25cc;&#x0CC6;" t="&#x0CC6;" note="KANNADA VOWEL SIGN E " />
<s d="&#x25cc;&#x0CC7;" t="&#x0CC7;" note="KANNADA VOWEL SIGN EE " />
<s d="&#x25cc;&#x0CC8;" t="&#x0CC8;" note="KANNADA VOWEL SIGN AI " />
<s d="&#x25cc;&#x0CCA;" t="&#x0CCA;" note="KANNADA VOWEL SIGN O " />
<s d="&#x25cc;&#x0CCB;" t="&#x0CCB;" note="KANNADA VOWEL SIGN OO " />
<s d="&#x25cc;&#x0CCC;" t="&#x0CCC;" note="KANNADA VOWEL SIGN AU " />
<s d="&#x25cc;&#x0CCD;" t="&#x0CCD;" note="KANNADA SIGN VIRAMA " />
<s d="&#x25cc;&#x0CD5;" t="&#x0CD5;" note="KANNADA LENGTH MARK " />
<s d="&#x25cc;&#x0CD6;" t="&#x0CD6;" note="KANNADA AI LENGTH MARK " />
</group>
<group name="Numbers" b="113">
<s d="1" t="1"/>
<s d="2" t="2"/>
<s d="3" t="3"/>
<s d="4" t="4"/>
<s d="5" t="5"/>
<s d="6" t="6"/>
<s d="7" t="7"/>
<s d="8" t="8"/>
<s d="9" t="9"/>
<s d="0" t="0"/>
</group>
<group name="Punctuation" b="112">
<s d="%" t="%"/>
<s d="*" t="*"/>
<s d="+" t="+"/>
<s d="=" t="="/>
<s d="/" t="/"/>
<s d="#" t="#"/>
<s d="$" t="$"/>
<s d="|" t="|"/>
<s d="\" t="\"/>
<s d="~" t="~"/>
<s d="^" t="^"/>
<s d="_" t="_"/>
<s d="&amp;" t="&amp;"/>
<s d="@" t="@"/>
<s d="[" t="["/>
<s d="]" t="]"/>
<s d="{" t="{"/>
<s d="}" t="}"/>
<s d="&lt;" t="&lt;"/>
<s d="&gt;" t="&gt;"/>
<s d="(" t="("/>
<s d=")" t=")"/>
<s d="&quot;" t="&quot;"/>
<s d="`" t="`"/>
<s d="&apos;" t="&apos;"/>
<s d="-" t="-"/>
<s d=":" t=":"/>
<s d=";" t=";"/>
<s d="?" t="?"/>
<s d="!" t="!"/>
<s d="," t=","/>
<s d="&#183;" t="."/>
</group>
</alphabet>
</alphabets>
