<?xml version="1.0"?>
<!DOCTYPE alphabets SYSTEM "alphabet.dtd">
<?xml-stylesheet type="text/xsl" href="alphabet.xsl"?>
<alphabets>
<alphabet name="Tajik with punctuation and numerals">
<orientation type="LR"/>
<encoding type="Cyrillic"/>
<control d="Control" t=""/>
<palette>Default</palette>
<train>training_Tajik_TJ.txt</train>
<space d="&#x25a1;" t=" " b="9" />
<paragraph d="&#182;" b="9"/>
<group name="lower case letters" b="0">
<s d="&#x0430;" t="&#x0430;" />
<s d="&#x04D1;" t="&#x04D1;" />
<s d="&#x04D3;" t="&#x04D3;" />
<s d="&#x04D9;" t="&#x04D9;" />
<s d="&#x04DB;" t="&#x04DB;" />
<s d="&#x04D5;" t="&#x04D5;" />
<s d="&#x0431;" t="&#x0431;" />
<s d="&#x0432;" t="&#x0432;" />
<s d="&#x0433;" t="&#x0433;" />
<s d="&#x0491;" t="&#x0491;" />
<s d="&#x0495;" t="&#x0495;" />
<s d="&#x0434;" t="&#x0434;" />
<s d="&#x0501;" t="&#x0501;" />
<s d="&#x0452;" t="&#x0452;" />
<s d="&#x0503;" t="&#x0503;" />
<s d="&#x0453;" t="&#x0453;" />
<s d="&#x0499;" t="&#x0499;" />
<s d="&#x0435;" t="&#x0435;" />
<s d="&#x0450;" t="&#x0450;" />
<s d="&#x0451;" t="&#x0451;" />
<s d="&#x04D7;" t="&#x04D7;" />
<s d="&#x0454;" t="&#x0454;" />
<s d="&#x0436;" t="&#x0436;" />
<s d="&#x04C2;" t="&#x04C2;" />
<s d="&#x04DD;" t="&#x04DD;" />
<s d="&#x0497;" t="&#x0497;" />
<s d="&#x0437;" t="&#x0437;" />
<s d="&#x0505;" t="&#x0505;" />
<s d="&#x04DF;" t="&#x04DF;" />
<s d="&#x0455;" t="&#x0455;" />
<s d="&#x04E1;" t="&#x04E1;" />
<s d="&#x0507;" t="&#x0507;" />
<s d="&#x0438;" t="&#x0438;" />
<s d="&#x045D;" t="&#x045D;" />
<s d="&#x048B;" t="&#x048B;" />
<s d="&#x04E5;" t="&#x04E5;" />
<s d="&#x0456;" t="&#x0456;" />
<s d="&#x0457;" t="&#x0457;" />
<s d="&#x0439;" t="&#x0439;" />
<s d="&#x0458;" t="&#x0458;" />
<s d="&#x043A;" t="&#x043A;" />
<s d="&#x04C4;" t="&#x04C4;" />
<s d="&#x04A1;" t="&#x04A1;" />
<s d="&#x049F;" t="&#x049F;" />
<s d="&#x049D;" t="&#x049D;" />
<s d="&#x043B;" t="&#x043B;" />
<s d="&#x1D2B;" t="&#x1D2B;" />
<s d="&#x04C6;" t="&#x04C6;" />
<s d="&#x0459;" t="&#x0459;" />
<s d="&#x0509;" t="&#x0509;" />
<s d="&#x043C;" t="&#x043C;" />
<s d="&#x04CE;" t="&#x04CE;" />
<s d="&#x043D;" t="&#x043D;" />
<s d="&#x04CA;" t="&#x04CA;" />
<s d="&#x04A3;" t="&#x04A3;" />
<s d="&#x04C8;" t="&#x04C8;" />
<s d="&#x04A5;" t="&#x04A5;" />
<s d="&#x045A;" t="&#x045A;" />
<s d="&#x050B;" t="&#x050B;" />
<s d="&#x043E;" t="&#x043E;" />
<s d="&#x04E7;" t="&#x04E7;" />
<s d="&#x04E9;" t="&#x04E9;" />
<s d="&#x04EB;" t="&#x04EB;" />
<s d="&#x043F;" t="&#x043F;" />
<s d="&#x04A7;" t="&#x04A7;" />
<s d="&#x0481;" t="&#x0481;" />
<s d="&#x0440;" t="&#x0440;" />
<s d="&#x048F;" t="&#x048F;" />
<s d="&#x0441;" t="&#x0441;" />
<s d="&#x050D;" t="&#x050D;" />
<s d="&#x04AB;" t="&#x04AB;" />
<s d="&#x0442;" t="&#x0442;" />
<s d="&#x050F;" t="&#x050F;" />
<s d="&#x04AD;" t="&#x04AD;" />
<s d="&#x045B;" t="&#x045B;" />
<s d="&#x045C;" t="&#x045C;" />
<s d="&#x0443;" t="&#x0443;" />
<s d="&#x045E;" t="&#x045E;" />
<s d="&#x04F1;" t="&#x04F1;" />
<s d="&#x04F3;" t="&#x04F3;" />
<s d="&#x04AF;" t="&#x04AF;" />
<s d="&#x04B1;" t="&#x04B1;" />
<s d="&#x0479;" t="&#x0479;" />
<s d="&#x0444;" t="&#x0444;" />
<s d="&#x0445;" t="&#x0445;" />
<s d="&#x04BB;" t="&#x04BB;" />
<s d="&#x0461;" t="&#x0461;" />
<s d="&#x047F;" t="&#x047F;" />
<s d="&#x047D;" t="&#x047D;" />
<s d="&#x047B;" t="&#x047B;" />
<s d="&#x0446;" t="&#x0446;" />
<s d="&#x04B5;" t="&#x04B5;" />
<s d="&#x0447;" t="&#x0447;" />
<s d="&#x04F5;" t="&#x04F5;" />
<s d="&#x04CC;" t="&#x04CC;" />
<s d="&#x04B9;" t="&#x04B9;" />
<s d="&#x04BD;" t="&#x04BD;" />
<s d="&#x04BF;" t="&#x04BF;" />
<s d="&#x045F;" t="&#x045F;" />
<s d="&#x0448;" t="&#x0448;" />
<s d="&#x0449;" t="&#x0449;" />
<s d="&#x044A;" t="&#x044A;" />
<s d="&#x044B;" t="&#x044B;" />
<s d="&#x04F9;" t="&#x04F9;" />
<s d="&#x044C;" t="&#x044C;" />
<s d="&#x048D;" t="&#x048D;" />
<s d="&#x0463;" t="&#x0463;" />
<s d="&#x044D;" t="&#x044D;" />
<s d="&#x04ED;" t="&#x04ED;" />
<s d="&#x044E;" t="&#x044E;" />
<s d="&#x044F;" t="&#x044F;" />
<s d="&#x0493;" t="&#x0493;" />
<s d="&#x04E3;" t="&#x04E3;" />
<s d="&#x049B;" t="&#x049B;" />
<s d="&#x04EF;" t="&#x04EF;" />
<s d="&#x04B3;" t="&#x04B3;" />
<s d="&#x04B7;" t="&#x04B7;" />
</group> 
<group name="upper case letters" b="111"> 
<s d="&#x0410;" t="&#x0410;" />
<s d="&#x04D0;" t="&#x04D0;" />
<s d="&#x04D2;" t="&#x04D2;" />
<s d="&#x04D8;" t="&#x04D8;" />
<s d="&#x04DA;" t="&#x04DA;" />
<s d="&#x04D4;" t="&#x04D4;" />
<s d="&#x0411;" t="&#x0411;" />
<s d="&#x0412;" t="&#x0412;" />
<s d="&#x0413;" t="&#x0413;" />
<s d="&#x0490;" t="&#x0490;" />
<s d="&#x0494;" t="&#x0494;" />
<s d="&#x0414;" t="&#x0414;" />
<s d="&#x0500;" t="&#x0500;" />
<s d="&#x0402;" t="&#x0402;" />
<s d="&#x0502;" t="&#x0502;" />
<s d="&#x0403;" t="&#x0403;" />
<s d="&#x0498;" t="&#x0498;" />
<s d="&#x0415;" t="&#x0415;" />
<s d="&#x0400;" t="&#x0400;" />
<s d="&#x0401;" t="&#x0401;" />
<s d="&#x04D6;" t="&#x04D6;" />
<s d="&#x0404;" t="&#x0404;" />
<s d="&#x0416;" t="&#x0416;" />
<s d="&#x04C1;" t="&#x04C1;" />
<s d="&#x04DC;" t="&#x04DC;" />
<s d="&#x0496;" t="&#x0496;" />
<s d="&#x0417;" t="&#x0417;" />
<s d="&#x0504;" t="&#x0504;" />
<s d="&#x04DE;" t="&#x04DE;" />
<s d="&#x0405;" t="&#x0405;" />
<s d="&#x04E0;" t="&#x04E0;" />
<s d="&#x0506;" t="&#x0506;" />
<s d="&#x0418;" t="&#x0418;" />
<s d="&#x040D;" t="&#x040D;" />
<s d="&#x048A;" t="&#x048A;" />
<s d="&#x04E4;" t="&#x04E4;" />
<s d="&#x0406;" t="&#x0406;" />
<s d="&#x0407;" t="&#x0407;" />
<s d="&#x0419;" t="&#x0419;" />
<s d="&#x0408;" t="&#x0408;" />
<s d="&#x041A;" t="&#x041A;" />
<s d="&#x04C3;" t="&#x04C3;" />
<s d="&#x04A0;" t="&#x04A0;" />
<s d="&#x049E;" t="&#x049E;" />
<s d="&#x049C;" t="&#x049C;" />
<s d="&#x041B;" t="&#x041B;" />
<s d="&#x1D2B;" t="&#x1D2B;" />
<s d="&#x04C5;" t="&#x04C5;" />
<s d="&#x0409;" t="&#x0409;" />
<s d="&#x0508;" t="&#x0508;" />
<s d="&#x041C;" t="&#x041C;" />
<s d="&#x04CD;" t="&#x04CD;" />
<s d="&#x041D;" t="&#x041D;" />
<s d="&#x04C9;" t="&#x04C9;" />
<s d="&#x04A2;" t="&#x04A2;" />
<s d="&#x04C7;" t="&#x04C7;" />
<s d="&#x04A4;" t="&#x04A4;" />
<s d="&#x040A;" t="&#x040A;" />
<s d="&#x050A;" t="&#x050A;" />
<s d="&#x041E;" t="&#x041E;" />
<s d="&#x04E6;" t="&#x04E6;" />
<s d="&#x04E8;" t="&#x04E8;" />
<s d="&#x04EA;" t="&#x04EA;" />
<s d="&#x041F;" t="&#x041F;" />
<s d="&#x04A6;" t="&#x04A6;" />
<s d="&#x0480;" t="&#x0480;" />
<s d="&#x0420;" t="&#x0420;" />
<s d="&#x048E;" t="&#x048E;" />
<s d="&#x0421;" t="&#x0421;" />
<s d="&#x050C;" t="&#x050C;" />
<s d="&#x04AA;" t="&#x04AA;" />
<s d="&#x0422;" t="&#x0422;" />
<s d="&#x050E;" t="&#x050E;" />
<s d="&#x04AC;" t="&#x04AC;" />
<s d="&#x040B;" t="&#x040B;" />
<s d="&#x040C;" t="&#x040C;" />
<s d="&#x0423;" t="&#x0423;" />
<s d="&#x040E;" t="&#x040E;" />
<s d="&#x04F0;" t="&#x04F0;" />
<s d="&#x04F2;" t="&#x04F2;" />
<s d="&#x04AE;" t="&#x04AE;" />
<s d="&#x04B0;" t="&#x04B0;" />
<s d="&#x0478;" t="&#x0478;" />
<s d="&#x0424;" t="&#x0424;" />
<s d="&#x0425;" t="&#x0425;" />
<s d="&#x04BA;" t="&#x04BA;" />
<s d="&#x0460;" t="&#x0460;" />
<s d="&#x047E;" t="&#x047E;" />
<s d="&#x047C;" t="&#x047C;" />
<s d="&#x047A;" t="&#x047A;" />
<s d="&#x0426;" t="&#x0426;" />
<s d="&#x04B4;" t="&#x04B4;" />
<s d="&#x0427;" t="&#x0427;" />
<s d="&#x04F4;" t="&#x04F4;" />
<s d="&#x04CB;" t="&#x04CB;" />
<s d="&#x04B8;" t="&#x04B8;" />
<s d="&#x04BC;" t="&#x04BC;" />
<s d="&#x04BE;" t="&#x04BE;" />
<s d="&#x040F;" t="&#x040F;" />
<s d="&#x0428;" t="&#x0428;" />
<s d="&#x0429;" t="&#x0429;" />
<s d="&#x042A;" t="&#x042A;" />
<s d="&#x042B;" t="&#x042B;" />
<s d="&#x04F8;" t="&#x04F8;" />
<s d="&#x042C;" t="&#x042C;" />
<s d="&#x048C;" t="&#x048C;" />
<s d="&#x0462;" t="&#x0462;" />
<s d="&#x042D;" t="&#x042D;" />
<s d="&#x04EC;" t="&#x04EC;" />
<s d="&#x042E;" t="&#x042E;" />
<s d="&#x042F;" t="&#x042F;" />
<s d="&#x0492;" t="&#x0492;" />
<s d="&#x04E2;" t="&#x04E2;" />
<s d="&#x049A;" t="&#x049A;" />
<s d="&#x04EE;" t="&#x04EE;" />
<s d="&#x04B2;" t="&#x04B2;" />
<s d="&#x04B6;" t="&#x04B6;" />
</group>
<group name="Numbers" b="113">
<s d="1" t="1"/>
<s d="2" t="2"/>
<s d="3" t="3"/>
<s d="4" t="4"/>
<s d="5" t="5"/>
<s d="6" t="6"/>
<s d="7" t="7"/>
<s d="8" t="8"/>
<s d="9" t="9"/>
<s d="0" t="0"/>
</group>
<group name="Punctuation" b="112">
<s d="%" t="%"/>
<s d="*" t="*"/>
<s d="+" t="+"/>
<s d="=" t="="/>
<s d="/" t="/"/>
<s d="#" t="#"/>
<s d="$" t="$"/>
<s d="|" t="|"/>
<s d="\" t="\"/>
<s d="~" t="~"/>
<s d="^" t="^"/>
<s d="_" t="_"/>
<s d="&amp;" t="&amp;"/>
<s d="@" t="@"/>
<s d="[" t="["/>
<s d="]" t="]"/>
<s d="{" t="{"/>
<s d="}" t="}"/>
<s d="&lt;" t="&lt;"/>
<s d="&gt;" t="&gt;"/>
<s d="(" t="("/>
<s d=")" t=")"/>
<s d="&quot;" t="&quot;"/>
<s d="`" t="`"/>
<s d="&apos;" t="&apos;"/>
<s d="-" t="-"/>
<s d=":" t=":"/>
<s d=";" t=";"/>
<s d="?" t="?"/>
<s d="!" t="!"/>
<s d="," t=","/>
<s d="." t="."/>
</group>
</alphabet>
</alphabets>
