<?xml version="1.0" encoding="UTF-8"?>
<!DOCTYPE alphabets SYSTEM "alphabet.dtd">
<?xml-stylesheet type="text/xsl" href="alphabet.xsl"?>
<alphabets>
<alphabet name="Ellinika (&#917;&#955;&#955;&#951;&#957;&#953;&#954;&#940;) / Greek with punctuation and numerals">
<!-- alphabet by Pantelis Nasikas and David MacKay with help from Mark Owen -->
<orientation type="LR"/>
<encoding type="Western"/>
<palette>European/Asian</palette>
<train>training_greek_GR.txt</train>
<space d="&#x25a1;" t=" " b="9" note="box" />
<paragraph d="&#182;" b="9"/>
<control d="Control" t="" b="8" />

<group name="Lower case Greek letters" b="0">
<s d="&#945;" t="&#945;"/>
<s d="&#940;" t="&#940;"/>
<s d="&#946;" t="&#946;"/>
<s d="&#947;" t="&#947;"/>
<s d="&#948;" t="&#948;"/>
<s d="&#949;" t="&#949;"/>
<s d="&#941;" t="&#941;"/>
<s d="&#950;" t="&#950;"/>
<s d="&#951;" t="&#951;"/>
<s d="&#942;" t="&#942;"/>
<s d="&#952;" t="&#952;"/>
<s d="&#953;" t="&#953;"/>
<s d="&#943;" t="&#943;"/>
<s d="&#954;" t="&#954;"/>
<s d="&#955;" t="&#955;"/>
<s d="&#956;" t="&#956;"/>
<s d="&#957;" t="&#957;"/>
<s d="&#958;" t="&#958;"/>
<s d="&#959;" t="&#959;"/>
<s d="&#972;" t="&#972;"/>
<s d="&#960;" t="&#960;"/>
<s d="&#961;" t="&#961;"/>
<s d="&#963;" t="&#963;"/>
<s d="&#962;" t="&#962;"/>
<s d="&#964;" t="&#964;"/>
<s d="&#965;" t="&#965;"/>
<s d="&#973;" t="&#973;"/>
<s d="&#966;" t="&#966;"/>
<s d="&#967;" t="&#967;"/>
<s d="&#968;" t="&#968;"/>
<s d="&#969;" t="&#969;"/>
<s d="&#974;" t="&#974;"/>
</group>

<group name="Upper case Greek Letters" b="111">
<s d="&#913;" t="&#913;" />
<s d="&#902;" t="&#902;" />
<s d="&#914;" t="&#914;" />
<s d="&#915;" t="&#915;" />
<s d="&#916;" t="&#916;" />
<s d="&#917;" t="&#917;" />
<s d="&#904;" t="&#904;" />
<s d="&#918;" t="&#918;" />
<s d="&#919;" t="&#919;" />
<s d="&#905;" t="&#905;" />
<s d="&#920;" t="&#920;" />
<s d="&#921;" t="&#921;" />
<s d="&#906;" t="&#906;" />
<s d="&#922;" t="&#922;" />
<s d="&#923;" t="&#923;" />
<s d="&#924;" t="&#924;" />
<s d="&#925;" t="&#925;" />
<s d="&#926;" t="&#926;" />
<s d="&#927;" t="&#927;" />
<s d="&#908;" t="&#908;" />
<s d="&#928;" t="&#928;" />
<s d="&#929;" t="&#929;" />
<s d="&#931;" t="&#931;" />
<s d="&#932;" t="&#932;" />
<s d="&#933;" t="&#933;" />
<s d="&#910;" t="&#910;" />
<s d="&#934;" t="&#934;" />
<s d="&#935;" t="&#935;" />
<s d="&#936;" t="&#936;" />
<s d="&#937;" t="&#937;" />
<s d="&#911;" t="&#911;" />
</group>
<group name="Numbers" b="113">
<s d="1" t="1"/>
<s d="2" t="2"/>
<s d="3" t="3"/>
<s d="4" t="4"/>
<s d="5" t="5"/>
<s d="6" t="6"/>
<s d="7" t="7"/>
<s d="8" t="8"/>
<s d="9" t="9"/>
<s d="0" t="0"/>
</group>
<group name="Punctuation" b="112">
<s b="90" d="%" t="%"/>
<s b="91" d="*" t="*"/>
<s b="92" d="+" t="+"/>
<s b="93" d="=" t="="/>
<s b="94" d="/" t="/"/>
<s b="95" d="#" t="#"/>
<s b="96" d="$" t="$"/>
<s d="&#8364;" t="&#8364;" b="34" note="euro" />
<s b="97" d="|" t="|"/>
<s b="98" d="\" t="\"/>
<s b="99" d="~" t="~"/>
<s b="95" d="^" t="^"/>
<s b="96" d="_" t="_"/>
<s b="97" d="&amp;" t="&amp;"/> 
<s b="98" d="@" t="@"/>
<s b="99" d=";" t=";" note=" ; provided for computer use only, not used in Greek" />
<s b="105" d="[" t="["/>
<s b="106" d="]" t="]"/>
<s b="107" d="{" t="{"/>
<s b="108" d="}" t="}"/>
<s b="109" d="&lt;" t="&lt;"/>
<s b="105" d="&gt;" t="&gt;"/>
<s b="106" d="(" t="("/>
<s b="107" d=")" t=")"/>
<s b="108" d="&#x2039;" t="&#x2039;" note="French left single quotation mark" />
<s b="109" d="&#x203A;" t="&#x203A;" note="French right single quotation mark" />
<s b="106" d="&#x00AB;" t="&#x00AB;" note="French left double quotation mark" />
<s b="107" d="&#x00BB;" t="&#x00BB;" note="French right double quotation mark" />
<s b="108" d="&#x2019;" t="&#x2019;" note="right single quotation mark and apostrophe" />
<s b="109" d="`" t="`" note="left quote from keyboard" />
<s b="105" d="&apos;" t="&apos;" note="apostrophe" />
<s b="9"  d="&#x25CA;" t="&#x9;" note="TAB (represented by a diamond)"/>
<s b="100" d="-" t="-"/>
<s b="101" d=":" t=":"/>
<!-- no ; -->
<s d="&#x00B7;" t="&#x00B7;" b="102" note="mid-dot greek ano teleia"/>
<s b="100" d="&#x037E;" t="&#x037E;" note="erotimatiko (greek question mark)"/>
<s b="103" d="?" t="?"/>
<s b="104" d="!" t="!"/>
<s b="100" d="," t=","/>
<s b="104" d="." t="."/>
</group>

</alphabet>

<alphabet name="Ellinika (&#917;&#955;&#955;&#951;&#957;&#953;&#954;&#940;) / Greek and Latin">
<!-- alphabet by Pantelis Nasikas and David MacKay with help from Mark Owen -->
<orientation type="LR"/>
<encoding type="Western"/>
<palette>European/Asian</palette>
<train>training_greek_GR.txt</train>
<space d="&#x25a1;" t=" " b="9" note="box" />
<paragraph d="&#182;" b="9"/>
<control d="Control" t="" b="8" />

<group name="Lower case Greek letters" b="0">
<s d="&#945;" t="&#945;"/>
<s d="&#940;" t="&#940;"/>
<s d="&#946;" t="&#946;"/>
<s d="&#947;" t="&#947;"/>
<s d="&#948;" t="&#948;"/>
<s d="&#949;" t="&#949;"/>
<s d="&#941;" t="&#941;"/>
<s d="&#950;" t="&#950;"/>
<s d="&#951;" t="&#951;"/>
<s d="&#942;" t="&#942;"/>
<s d="&#952;" t="&#952;"/>
<s d="&#953;" t="&#953;"/>
<s d="&#943;" t="&#943;"/>
<s d="&#954;" t="&#954;"/>
<s d="&#955;" t="&#955;"/>
<s d="&#956;" t="&#956;"/>
<s d="&#957;" t="&#957;"/>
<s d="&#958;" t="&#958;"/>
<s d="&#959;" t="&#959;"/>
<s d="&#972;" t="&#972;"/>
<s d="&#960;" t="&#960;"/>
<s d="&#961;" t="&#961;"/>
<s d="&#963;" t="&#963;"/>
<s d="&#962;" t="&#962;"/>
<s d="&#964;" t="&#964;"/>
<s d="&#965;" t="&#965;"/>
<s d="&#973;" t="&#973;"/>
<s d="&#966;" t="&#966;"/>
<s d="&#967;" t="&#967;"/>
<s d="&#968;" t="&#968;"/>
<s d="&#969;" t="&#969;"/>
<s d="&#974;" t="&#974;"/>
</group>

<group name="Upper case Greek Letters" b="111">
<s d="&#913;" t="&#913;" />
<s d="&#902;" t="&#902;" />
<s d="&#914;" t="&#914;" />
<s d="&#915;" t="&#915;" />
<s d="&#916;" t="&#916;" />
<s d="&#917;" t="&#917;" />
<s d="&#904;" t="&#904;" />
<s d="&#918;" t="&#918;" />
<s d="&#919;" t="&#919;" />
<s d="&#905;" t="&#905;" />
<s d="&#920;" t="&#920;" />
<s d="&#921;" t="&#921;" />
<s d="&#906;" t="&#906;" />
<s d="&#922;" t="&#922;" />
<s d="&#923;" t="&#923;" />
<s d="&#924;" t="&#924;" />
<s d="&#925;" t="&#925;" />
<s d="&#926;" t="&#926;" />
<s d="&#927;" t="&#927;" />
<s d="&#908;" t="&#908;" />
<s d="&#928;" t="&#928;" />
<s d="&#929;" t="&#929;" />
<s d="&#931;" t="&#931;" />
<s d="&#932;" t="&#932;" />
<s d="&#933;" t="&#933;" />
<s d="&#910;" t="&#910;" />
<s d="&#934;" t="&#934;" />
<s d="&#935;" t="&#935;" />
<s d="&#936;" t="&#936;" />
<s d="&#937;" t="&#937;" />
<s d="&#911;" t="&#911;" />
</group>
<group name="Lower case Latin letters" b="110">
<s d="a" t="a" b="10"/>
<s d="b" t="b" b="11"/>
<s d="c" t="c" b="12"/>
<s d="d" t="d" b="13"/>
<s d="e" t="e" b="14"/>
<s d="f" t="f" b="15"/>
<s d="g" t="g" b="16"/>
<s d="h" t="h" b="17"/>
<s d="i" t="i" b="18"/>
<s d="j" t="j" b="19"/>
<s d="k" t="k" b="20"/>
<s d="l" t="l" b="21"/>
<s d="m" t="m" b="22"/>
<s d="n" t="n" b="23"/>
<s d="o" t="o" b="24"/>
<s d="p" t="p" b="25"/>
<s d="q" t="q" b="26"/>
<s d="r" t="r" b="27"/>
<s d="s" t="s" b="28"/>
<s d="t" t="t" b="29"/>
<s d="u" t="u" b="30"/>
<s d="v" t="v" b="31"/>
<s d="w" t="w" b="32"/>
<s d="x" t="x" b="33"/>
<s d="y" t="y" b="34"/>
<s d="z" t="z" b="35"/>
</group>
<group name="Upper case Latin letters" b="114">
<s d="A" t="A" b="10"/>
<s d="B" t="B" b="11"/>
<s d="C" t="C" b="12"/>
<s d="D" t="D" b="13"/>
<s d="E" t="E" b="14"/>
<s d="F" t="F" b="15"/>
<s d="G" t="G" b="16"/>
<s d="H" t="H" b="17"/>
<s d="I" t="I" b="18"/>
<s d="J" t="J" b="19"/>
<s d="K" t="K" b="20"/>
<s d="L" t="L" b="21"/>
<s d="M" t="M" b="22"/>
<s d="N" t="N" b="23"/>
<s d="O" t="O" b="24"/>
<s d="P" t="P" b="25"/>
<s d="Q" t="Q" b="26"/>
<s d="R" t="R" b="27"/>
<s d="S" t="S" b="28"/>
<s d="T" t="T" b="29"/>
<s d="U" t="U" b="30"/>
<s d="V" t="V" b="31"/>
<s d="W" t="W" b="32"/>
<s d="X" t="X" b="33"/>
<s d="Y" t="Y" b="34"/>
<s d="Z" t="Z" b="35"/>
</group>
<group name="Numbers" b="113">
<s d="1" t="1"/>
<s d="2" t="2"/>
<s d="3" t="3"/>
<s d="4" t="4"/>
<s d="5" t="5"/>
<s d="6" t="6"/>
<s d="7" t="7"/>
<s d="8" t="8"/>
<s d="9" t="9"/>
<s d="0" t="0"/>
</group>
<group name="Punctuation" b="112">
<s b="90" d="%" t="%"/>
<s b="91" d="*" t="*"/>
<s b="92" d="+" t="+"/>
<s b="93" d="=" t="="/>
<s b="94" d="/" t="/"/>
<s b="95" d="#" t="#"/>
<s b="96" d="$" t="$"/>
<s d="&#8364;" t="&#8364;" b="34" note="euro" />
<s b="97" d="|" t="|"/>
<s b="98" d="\" t="\"/>
<s b="99" d="~" t="~"/>
<s b="95" d="^" t="^"/>
<s b="96" d="_" t="_"/>
<s b="97" d="&amp;" t="&amp;"/> 
<s b="98" d="@" t="@"/>
<s b="99" d=";" t=";" note=" ; provided for computer use only, not used in Greek" />
<s b="105" d="[" t="["/>
<s b="106" d="]" t="]"/>
<s b="107" d="{" t="{"/>
<s b="108" d="}" t="}"/>
<s b="109" d="&lt;" t="&lt;"/>
<s b="105" d="&gt;" t="&gt;"/>
<s b="106" d="(" t="("/>
<s b="107" d=")" t=")"/>
<s b="108" d="&#x2039;" t="&#x2039;" note="French left single quotation mark" />
<s b="109" d="&#x203A;" t="&#x203A;" note="French right single quotation mark" />
<s b="106" d="&#x00AB;" t="&#x00AB;" note="French left double quotation mark" />
<s b="107" d="&#x00BB;" t="&#x00BB;" note="French right double quotation mark" />
<s b="108" d="&#x2019;" t="&#x2019;" note="right single quotation mark and apostrophe" />
<s b="109" d="`" t="`" note="left quote from keyboard" />
<s b="105" d="&apos;" t="&apos;" note="apostrophe" />
<s b="9"  d="&#x25CA;" t="&#x9;" note="TAB (represented by a diamond)"/>
<s b="100" d="-" t="-"/>
<s b="101" d=":" t=":"/>
<!-- no ; -->
<s d="&#x00B7;" t="&#x00B7;" b="102" note="mid-dot greek ano teleia"/>
<s b="100" d="&#x037E;" t="&#x037E;" note="erotimatiko (greek question mark)"/>
<s b="103" d="?" t="?"/>
<s b="104" d="!" t="!"/>
<s b="100" d="," t=","/>
<s b="104" d="." t="."/>
</group>

</alphabet>

</alphabets>

