<?xml version="1.0"?>
<!DOCTYPE alphabets SYSTEM "alphabet.dtd">
<?xml-stylesheet type="text/xsl" href="alphabet.xsl"?>
<alphabets>
<alphabet name="Punjabi (Gurmukhi) with punctuation and numerals">
<orientation type="LR"/>
<encoding type="Western"/>
<palette>Default</palette>
<train>training_Punjabi_IN.txt</train>
<space d="&#x25a1;" t=" " b="9" note="box" />
<paragraph d="&#182;" b="9"/>
<control d="Control" t="" b="8"/>
<group name="GURMUKHI letters" b="0">
<s d="&#x0A74;" t="&#x0A74;" note="GURMUKHI EK ONKAR " />
<s d="&#x0A73;" t="&#x0A73;" note="GURMUKHI URA " />
<s d="&#x0A09;" t="&#x0A09;" note="GURMUKHI LETTER U " />
<s d="&#x0A0A;" t="&#x0A0A;" note="GURMUKHI LETTER UU " />
<s d="&#x0A13;" t="&#x0A13;" note="GURMUKHI LETTER OO " />
<s d="&#x0A05;" t="&#x0A05;" note="GURMUKHI LETTER A " />
<s d="&#x0A06;" t="&#x0A06;" note="GURMUKHI LETTER AA " />
<s d="&#x0A10;" t="&#x0A10;" note="GURMUKHI LETTER AI " />
<s d="&#x0A14;" t="&#x0A14;" note="GURMUKHI LETTER AU " />
<s d="&#x0A72;" t="&#x0A72;" note="GURMUKHI IRI " />
<s d="&#x0A07;" t="&#x0A07;" note="GURMUKHI LETTER I " />
<s d="&#x0A08;" t="&#x0A08;" note="GURMUKHI LETTER II " />
<s d="&#x0A0F;" t="&#x0A0F;" note="GURMUKHI LETTER EE " />
<s d="&#x0A38;" t="&#x0A38;" note="GURMUKHI LETTER SA " />
<s d="&#x0A36;" t="&#x0A36;" note="GURMUKHI LETTER SHA class(s)" />
<s d="&#x0A39;" t="&#x0A39;" note="GURMUKHI LETTER HA " />
<s d="&#x0A15;" t="&#x0A15;" note="GURMUKHI LETTER KA " />
<s d="&#x0A16;" t="&#x0A16;" note="GURMUKHI LETTER KHA " />
<s d="&#x0A59;" t="&#x0A59;" note="GURMUKHI LETTER KHHA class(s)" />
<s d="&#x0A17;" t="&#x0A17;" note="GURMUKHI LETTER GA " />
<s d="&#x0A5A;" t="&#x0A5A;" note="GURMUKHI LETTER GHHA class(s)" />
<s d="&#x0A18;" t="&#x0A18;" note="GURMUKHI LETTER GHA " />
<s d="&#x0A19;" t="&#x0A19;" note="GURMUKHI LETTER NGA " />
<s d="&#x0A1A;" t="&#x0A1A;" note="GURMUKHI LETTER CA " />
<s d="&#x0A1B;" t="&#x0A1B;" note="GURMUKHI LETTER CHA " />
<s d="&#x0A1C;" t="&#x0A1C;" note="GURMUKHI LETTER JA " />
<s d="&#x0A5B;" t="&#x0A5B;" note="GURMUKHI LETTER ZA class(s)" />
<s d="&#x0A1D;" t="&#x0A1D;" note="GURMUKHI LETTER JHA " />
<s d="&#x0A1E;" t="&#x0A1E;" note="GURMUKHI LETTER NYA " />
<s d="&#x0A1F;" t="&#x0A1F;" note="GURMUKHI LETTER TTA " />
<s d="&#x0A20;" t="&#x0A20;" note="GURMUKHI LETTER TTHA " />
<s d="&#x0A21;" t="&#x0A21;" note="GURMUKHI LETTER DDA " />
<s d="&#x0A22;" t="&#x0A22;" note="GURMUKHI LETTER DDHA " />
<s d="&#x0A23;" t="&#x0A23;" note="GURMUKHI LETTER NNA " />
<s d="&#x0A24;" t="&#x0A24;" note="GURMUKHI LETTER TA " />
<s d="&#x0A25;" t="&#x0A25;" note="GURMUKHI LETTER THA " />
<s d="&#x0A26;" t="&#x0A26;" note="GURMUKHI LETTER DA " />
<s d="&#x0A27;" t="&#x0A27;" note="GURMUKHI LETTER DHA " />
<s d="&#x0A28;" t="&#x0A28;" note="GURMUKHI LETTER NA " />
<s d="&#x0A2A;" t="&#x0A2A;" note="GURMUKHI LETTER PA " />
<s d="&#x0A2B;" t="&#x0A2B;" note="GURMUKHI LETTER PHA " />
<s d="&#x0A5E;" t="&#x0A5E;" note="GURMUKHI LETTER FA class(s)" />
<s d="&#x0A2C;" t="&#x0A2C;" note="GURMUKHI LETTER BA " />
<s d="&#x0A2D;" t="&#x0A2D;" note="GURMUKHI LETTER BHA " />
<s d="&#x0A2E;" t="&#x0A2E;" note="GURMUKHI LETTER MA " />
<s d="&#x0A2F;" t="&#x0A2F;" note="GURMUKHI LETTER YA " />
<s d="&#x0A30;" t="&#x0A30;" note="GURMUKHI LETTER RA " />
<s d="&#x0A32;" t="&#x0A32;" note="GURMUKHI LETTER LA " />
<s d="&#x0A33;" t="&#x0A33;" note="GURMUKHI LETTER LLA class(s)" />
<s d="&#x0A35;" t="&#x0A35;" note="GURMUKHI LETTER VA " />
<s d="&#x0A5C;" t="&#x0A5C;" note="GURMUKHI LETTER RRA " />
</group>
<group name="GURMUKHI vowels" b="111">
<s d="&#x25cc;&#x0A3E;" t="&#x0A3E;" note="GURMUKHI VOWEL SIGN AA " />
<s d="&#x25cc;&#x0A3F;" t="&#x0A3F;" note="GURMUKHI VOWEL SIGN I " />
<s d="&#x25cc;&#x0A40;" t="&#x0A40;" note="GURMUKHI VOWEL SIGN II " />
<s d="&#x25cc;&#x0A41;" t="&#x0A41;" note="GURMUKHI VOWEL SIGN U " />
<s d="&#x25cc;&#x0A42;" t="&#x0A42;" note="GURMUKHI VOWEL SIGN UU " />
<s d="&#x25cc;&#x0A47;" t="&#x0A47;" note="GURMUKHI VOWEL SIGN EE " />
<s d="&#x25cc;&#x0A48;" t="&#x0A48;" note="GURMUKHI VOWEL SIGN AI " />
<s d="&#x25cc;&#x0A4B;" t="&#x0A4B;" note="GURMUKHI VOWEL SIGN OO " />
<s d="&#x25cc;&#x0A4C;" t="&#x0A4C;" note="GURMUKHI VOWEL SIGN AU " />
<s d="&#x25cc;&#x0A4D;" t="&#x0A4D;" note="GURMUKHI SIGN VIRAMA " />
</group>
<group name="Numbers" b="113">
<s d="1" t="1"/>
<s d="2" t="2"/>
<s d="3" t="3"/>
<s d="4" t="4"/>
<s d="5" t="5"/>
<s d="6" t="6"/>
<s d="7" t="7"/>
<s d="8" t="8"/>
<s d="9" t="9"/>
<s d="0" t="0"/>
</group>
<group name="Punctuation" b="112">
<s d="%" t="%"/>
<s d="*" t="*"/>
<s d="+" t="+"/>
<s d="=" t="="/>
<s d="/" t="/"/>
<s d="#" t="#"/>
<s d="$" t="$"/>
<s d="|" t="|"/>
<s d="\" t="\"/>
<s d="~" t="~"/>
<s d="^" t="^"/>
<s d="_" t="_"/>
<s d="&amp;" t="&amp;"/>
<s d="@" t="@"/>
<s d="[" t="["/>
<s d="]" t="]"/>
<s d="{" t="{"/>
<s d="}" t="}"/>
<s d="&lt;" t="&lt;"/>
<s d="&gt;" t="&gt;"/>
<s d="(" t="("/>
<s d=")" t=")"/>
<s d="&quot;" t="&quot;"/>
<s d="`" t="`"/>
<s d="&apos;" t="&apos;"/>
<s b="9"  d="&#x25CA;" t="&#x9;" note="TAB (represented by a diamond)"/>
<s d="-" t="-"/>
<s d=":" t=":"/>
<s d=";" t=";"/>
<s d="?" t="?"/>
<s d="!" t="!"/>
<s d="," t=","/>
<s d="." t="."/>
</group>
</alphabet>
</alphabets>
