<?xml version="1.0"?>
<!DOCTYPE alphabets SYSTEM "alphabet.dtd">
<?xml-stylesheet type="text/xsl" href="alphabet.xsl"?>
<alphabets>
<alphabet name="International Phonetic Alphabet">
<orientation type="LR"/>
<encoding type="Western"/>
<palette>Default</palette>
<train>training_ipa_GB.txt</train>
<paragraph d="&#182;" b="9"/>
<space d="&#x25a1;" t=" " b="9"/>
<control d="Control" t="" b="8"/>
<group name="Lower case Latin letters">
<s d="a" t="a"/>
<s d="b" t="b"/>
<s d="c" t="c"/>
<s d="d" t="d"/>
<s d="e" t="e"/>
<s d="f" t="f"/>
<s d="g" t="g"/>
<s d="h" t="h"/>
<s d="i" t="i"/>
<s d="j" t="j"/>
<s d="k" t="k"/>
<s d="l" t="l"/>
<s d="m" t="m"/>
<s d="n" t="n"/>
<s d="o" t="o"/>
<s d="p" t="p"/>
<s d="q" t="q"/>
<s d="r" t="r"/>
<s d="s" t="s"/>
<s d="t" t="t"/>
<s d="u" t="u"/>
<s d="v" t="v"/>
<s d="w" t="w"/>
<s d="x" t="x"/>
<s d="y" t="y"/>
<s d="z" t="z"/>
</group>
<group name="Phonetic symbols" b="111">
<s d="&#593;" t="&#593;"/>
<s d="&#592;" t="&#592;"/>
<s d="&#594;" t="&#594;"/>
<s d="&#230;" t="&#230;"/>
<s d="&#595;" t="&#595;"/>
<s d="&#665;" t="&#665;"/>
<s d="&#946;" t="&#946;"/>
<s d="&#596;" t="&#596;"/>
<s d="&#597;" t="&#597;"/>
<s d="&#231;" t="&#231;"/>
<s d="&#599;" t="&#599;"/>
<s d="&#598;" t="&#598;"/>
<s d="&#240;" t="&#240;"/>
<s d="&#676;" t="&#676;"/>
<s d="&#601;" t="&#601;"/>
<s d="&#600;" t="&#600;"/>
<s d="&#602;" t="&#602;"/>
<s d="&#603;" t="&#603;"/>
<s d="&#604;" t="&#604;"/>
<s d="&#605;" t="&#605;"/>
<s d="&#606;" t="&#606;"/>
<s d="&#607;" t="&#607;"/>
<s d="&#644;" t="&#644;"/>
<s d="&#608;" t="&#608;"/>
<s d="&#610;" t="&#610;"/>
<s d="&#667;" t="&#667;"/>
<s d="&#614;" t="&#614;"/>
<s d="&#615;" t="&#615;"/>
<s d="&#295;" t="&#295;"/>
<s d="&#613;" t="&#613;"/>
<s d="&#668;" t="&#668;"/>
<s d="&#616;" t="&#616;"/>
<s d="&#618;" t="&#618;"/>
<s d="&#669;" t="&#669;"/>
<s d="&#621;" t="&#621;"/>
<s d="&#620;" t="&#620;"/>
<s d="&#619;" t="&#619;"/>
<s d="&#622;" t="&#622;"/>
<s d="&#671;" t="&#671;"/>
<s d="&#625;" t="&#625;"/>
<s d="&#623;" t="&#623;"/>
<s d="&#624;" t="&#624;"/>
<s d="&#331;" t="&#331;"/>
<s d="&#627;" t="&#627;"/>
<s d="&#626;" t="&#626;"/>
<s d="&#628;" t="&#628;"/>
<s d="&#248;" t="&#248;"/>
<s d="&#629;" t="&#629;"/>
<s d="&#632;" t="&#632;"/>
<s d="&#952;" t="&#952;"/>
<s d="&#339;" t="&#339;"/>
<s d="&#630;" t="&#630;"/>
<s d="&#664;" t="&#664;"/>
<s d="&#633;" t="&#633;"/>
<s d="&#634;" t="&#634;"/>
<s d="&#638;" t="&#638;"/>
<s d="&#635;" t="&#635;"/>
<s d="&#640;" t="&#640;"/>
<s d="&#641;" t="&#641;"/>
<s d="&#637;" t="&#637;"/>
<s d="&#642;" t="&#642;"/>
<s d="&#643;" t="&#643;"/>
<s d="&#648;" t="&#648;"/>
<s d="&#679;" t="&#679;"/>
<s d="&#649;" t="&#649;"/>
<s d="&#651;" t="&#651;"/>
<s d="&#650;" t="&#650;"/>
<s d="&#652;" t="&#652;"/>
<s d="&#611;" t="&#611;"/>
<s d="&#612;" t="&#612;"/>
<s d="&#653;" t="&#653;"/>
<s d="&#967;" t="&#967;"/>
<s d="&#654;" t="&#654;"/>
<s d="&#655;" t="&#655;"/>
<s d="&#657;" t="&#657;"/>
<s d="&#656;" t="&#656;"/>
<s d="&#658;" t="&#658;"/>
<s d="&#660;" t="&#660;"/>
<s d="&#673;" t="&#673;"/>
<s d="&#661;" t="&#661;"/>
<s d="&#674;" t="&#674;"/>
<s d="&#448;" t="&#448;"/>
<s d="&#449;" t="&#449;"/>
<s d="&#450;" t="&#450;"/>
<s d="&#451;" t="&#451;"/>
<s d="&#712;" t="&#712;"/>
<s d="&#716;" t="&#716;"/>
<s d="&#720;" t="&#720;"/>
<s d="&#721;" t="&#721;"/>
<s d="&#700;" t="&#700;"/>
<s d="&#692;" t="&#692;"/>
<s d="&#688;" t="&#688;"/>
<s d="&#689;" t="&#689;"/>
<s d="&#690;" t="&#690;"/>
<s d="&#695;" t="&#695;"/>
<s d="&#736;" t="&#736;"/>
<s d="&#740;" t="&#740;"/>
<s d="&#734;" t="&#734;"/>
<!--<s d="&#805;" t="&#805;"/>
<s d="&#778;" t="&#778;"/>
<s d="&#804;" t="&#804;"/>
<s d="&#810;" t="&#810;"/>
<s d="&#812;" t="&#812;"/>
<s d="&#816;" t="&#816;"/>
<s d="&#826;" t="&#826;"/>
<s d="&#828;" t="&#828;"/>
<s d="&#827;" t="&#827;"/>
<s d="&#794;" t="&#794;"/>
<s d="&#825;" t="&#825;"/>
<s d="&#771;" t="&#771;"/>
<s d="&#794;" t="&#794;"/>
<s d="&#799;" t="&#799;"/>
<s d="&#800;" t="&#800;"/>
<s d="&#776;" t="&#776;"/>
<s d="&#820;" t="&#820;"/>
<s d="&#619;" t="&#619;"/>
<s d="&#829;" t="&#829;"/>
<s d="&#797;" t="&#797;"/>
<s d="&#809;" t="&#809;"/>
<s d="&#798;" t="&#798;"/>
<s d="&#815;" t="&#815;"/>
<s d="&#792;" t="&#792;"/>
<s d="&#793;" t="&#793;"/>
<s d="&#774;" t="&#774;"/>
<s d="&#779;" t="&#779;"/>
<s d="&#769;" t="&#769;"/>
<s d="&#772;" t="&#772;"/>
<s d="&#768;" t="&#768;"/>
<s d="&#783;" t="&#783;"/>-->
</group>
<group name="Punctuation"  b="112">
<s d="&amp;" t="&amp;"/>
<s d="&quot;" t="&quot;"/>
<s d="&apos;" t="&apos;"/>
<s d="?" t="?"/>
<s d="!" t="!"/>
<s d="," t=","/>
<s d="." t="."/>
</group>
</alphabet>
</alphabets>
