<?xml version="1.0"?>
<!DOCTYPE alphabets SYSTEM "alphabet.dtd">
<?xml-stylesheet type="text/xsl" href="alphabet-nest.xsl"?>
<alphabets>
<alphabet name="Assamese &#x0985;&#x09b8;&#x09ae;&#x09c0;&#x09af;&#x09bc;&#x09be;  with punctuation and numerals">
<!-- See also alphabet.bengali.xml
 Bangla is the second most commonly spoken language in India.
 The same script is used by Assamese.
 -->
<orientation type="LR"/>
<encoding type="Western"/>
<palette>European/Asian</palette>
<train>training_Assamese_IN.txt</train>
<space d="&#x25a1;" t=" " b="9" note="box" />
<paragraph d="&#182;" b="9"/>
<control d="Control" t="" b="8"/>
<group name="bengali letters" b="0"   visible="off">
<group name="Bengali combining vowels"    b="110"   visible="on">   
<s d="&#x25cc;&#x09BE;" t="&#x09BE;" b="90" note=" VOWEL SIGN AA  "  />
<s d="&#x25cc;&#x09BF;" t="&#x09BF;" b="91" note=" VOWEL SIGN I  "  />
<s d="&#x25cc;&#x09C0;" t="&#x09C0;" b="92" note=" VOWEL SIGN II  "  />
<s d="&#x25cc;&#x09C1;" t="&#x09C1;" b="93" note=" VOWEL SIGN U  "  />
<s d="&#x25cc;&#x09C2;" t="&#x09C2;" b="94" note=" VOWEL SIGN UU  "  />
<s d="&#x25cc;&#x09C3;" t="&#x09C3;" b="90" note=" VOWEL SIGN VOCALIC R  "  />
<s d="&#x25cc;&#x09C4;" t="&#x09C4;" b="91" note=" VOWEL SIGN VOCALIC RR  "  />
<s d="&#x25cc;&#x09E2;" t="&#x09E2;" b="92" note=" VOWEL SIGN VOCALIC L  "  />
<s d="&#x25cc;&#x09E3;" t="&#x09E3;" b="93" note=" VOWEL SIGN VOCALIC LL  "  />
<s d="&#x25cc;&#x09C7;" t="&#x09C7;" b="94" note=" VOWEL SIGN E  "  />
<s d="&#x25cc;&#x09C8;" t="&#x09C8;" b="90" note=" VOWEL SIGN AI  "  />
<s d="&#x25cc;&#x09CB;" t="&#x09CB;" b="91" note=" VOWEL SIGN O  "  />
<s d="&#x25cc;&#x09CC;" t="&#x09CC;" b="92" note=" VOWEL SIGN AU  "  />
<s d="&#x25cc;&#x09CD;" t="&#x09CD;" b="93" note=" SIGN VIRAMA  "  />
<s d="&#x25cc;&#x09D7;" t="&#x09D7;" b="94" note=" AU LENGTH MARK  "  />
<!-- possibly missing characters:  x0981, x0982, x0983  (3 bengali signs) -->
</group>
<group name="bengali vowels"  b="61"  visible="on">
<s d="&#x0985;" t="&#x0985;" b="81"  note=" LETTER A  "  />
<s d="&#x0986;" t="&#x0986;" b="71"  note=" LETTER AA  "  />
<s d="&#x0987;" t="&#x0987;" b="81"  note=" LETTER I  "  />
<s d="&#x0988;" t="&#x0988;" b="71"  note=" LETTER II  "  />
<s d="&#x0989;" t="&#x0989;" b="81"  note=" LETTER U  "  />
<s d="&#x098A;" t="&#x098A;" b="71"  note=" LETTER UU  "  />
<s d="&#x098B;" t="&#x098B;" b="81"  note=" LETTER VOCALIC R  "  />
<s d="&#x09E0;" t="&#x09E0;" b="71"  note=" LETTER VOCALIC RR  "  />
<s d="&#x098C;" t="&#x098C;" b="81"  note=" LETTER VOCALIC L  "  />
<s d="&#x09E1;" t="&#x09E1;" b="71"  note=" LETTER VOCALIC LL  "  />
<s d="&#x098F;" t="&#x098F;" b="81"  note=" LETTER E  "  />
<s d="&#x0990;" t="&#x0990;" b="71"  note=" LETTER AI  "  />
<s d="&#x0993;" t="&#x0993;" b="81"  note=" LETTER O  "  />
<s d="&#x0994;" t="&#x0994;" b="71"  note=" LETTER AU  "  />
</group>		     
<group name="bengali consonants" b="0"  visible="off">
<group b="62"  visible="on" >		     
<s d="&#x0995;" t="&#x0995;"  b="82" note=" LETTER KA  "  />
<s d="&#x0996;" t="&#x0996;"  b="72" note=" LETTER KHA  "  />
<s d="&#x0997;" t="&#x0997;"  b="82" note=" LETTER GA  "  />
<s d="&#x0998;" t="&#x0998;"  b="72" note=" LETTER GHA  "  />
<s d="&#x0999;" t="&#x0999;"  b="82" note=" LETTER NGA  "  />
</group>
<group b="64"   visible="on">
<s d="&#x099A;" t="&#x099A;"  b="84" note=" LETTER CA  "  />
<s d="&#x099B;" t="&#x099B;"  b="74" note=" LETTER CHA  "  />
<s d="&#x099C;" t="&#x099C;"  b="84" note=" LETTER JA  "  />
<s d="&#x099D;" t="&#x099D;"  b="74" note=" LETTER JHA  "  />
<s d="&#x099E;" t="&#x099E;"  b="84" note=" LETTER NYA  "  />
</group>		     
<group b="66"   visible="on">		    
<s d="&#x099F;" t="&#x099F;" b="86" note=" LETTER TTA  "  />
<s d="&#x09A0;" t="&#x09A0;" b="76" note=" LETTER TTHA  "  />
<s d="&#x09A1;" t="&#x09A1;" b="86" note=" LETTER DDA  "  />
<s d="&#x09DC;" t="&#x09DC;" b="76" note=" LETTER RRA  class(s)"  />
<s d="&#x09A2;" t="&#x09A2;" b="86" note=" LETTER DDHA  "  />
<s d="&#x09DD;" t="&#x09DD;" b="76" note=" LETTER RHA  class(s)"  />
<s d="&#x09A3;" t="&#x09A3;" b="86" note=" LETTER NNA  "  />
</group>		    
<group b="67"   visible="on">
<s d="&#x09A4;" t="&#x09A4;" b="87" note=" LETTER TA  "  />
<s d="&#x09A5;" t="&#x09A5;" b="77" note=" LETTER THA  "  />
<s d="&#x09A6;" t="&#x09A6;" b="87" note=" LETTER DA  "  />
<s d="&#x09A7;" t="&#x09A7;" b="77" note=" LETTER DHA  "  />
<s d="&#x09A8;" t="&#x09A8;" b="87" note=" LETTER NA  "  />
</group>		     
<group b="68"   visible="on">    
<s d="&#x09AA;" t="&#x09AA;" b="78" note=" LETTER PA  "  />
<s d="&#x09AB;" t="&#x09AB;" b="88" note=" LETTER PHA  "  />
<s d="&#x09AC;" t="&#x09AC;" b="78" note=" LETTER BA  "  />
<s d="&#x09AD;" t="&#x09AD;" b="88" note=" LETTER BHA  "  />
<s d="&#x09AE;" t="&#x09AE;" b="78" note=" LETTER MA  "  />
</group>		    
<group b="69"   visible="on" >
<s d="&#x09AF;" t="&#x09AF;" b="89" note=" LETTER YA  "  />
<s d="&#x09DF;" t="&#x09DF;" b="79" note=" LETTER YYA  class(s)"  />
<s d="&#x09B0;" t="&#x09B0;" b="89" note=" LETTER RA  "  />
<s d="&#x09F0;" t="&#x09F0;" b="79" note=" LETTER RA WITH MIDDLE DIAGONAL  "  />
<s d="&#x09B2;" t="&#x09B2;" b="89" note=" LETTER LA  "  />
<s d="&#x09F1;" t="&#x09F1;" b="79" note=" LETTER RA WITH LOWER DIAGONAL  "  />
<s d="&#x09B6;" t="&#x09B6;" b="89" note=" LETTER SHA  "  />
<s d="&#x09B7;" t="&#x09B7;" b="79" note=" LETTER SSA  "  />
<s d="&#x09B8;" t="&#x09B8;" b="89" note=" LETTER SA  "  />
<s d="&#x09B9;" t="&#x09B9;" b="79" note=" LETTER HA  "  />
</group>		     
<s d="&#x09BD;" t="&#x09BD;" b="89" note=" SIGN AVAGRAHA  "  />
</group>			    
</group>			    
<group name="Bengali numbers" b="113">
<s d="&#x09E7;" t="&#x09E7;"  note="BENGALI DIGIT ONE"/>
<s d="&#x09E8;" t="&#x09E8;"  note="BENGALI DIGIT TWO"/>
<s d="&#x09E9;" t="&#x09E9;"  note="BENGALI DIGIT THREE"/>
<s d="&#x09EA;" t="&#x09EA;"  note="BENGALI DIGIT FOUR"/>
<s d="&#x09EB;" t="&#x09EB;"  note="BENGALI DIGIT FIVE"/>
<s d="&#x09EC;" t="&#x09EC;"  note="BENGALI DIGIT SIX"/>
<s d="&#x09ED;" t="&#x09ED;"  note="BENGALI DIGIT SEVEN"/>
<s d="&#x09EE;" t="&#x09EE;"  note="BENGALI DIGIT EIGHT"/>
<s d="&#x09EF;" t="&#x09EF;"  note="BENGALI DIGIT NINE"/>
<s d="&#x09E6;" t="&#x09E6;"  note="BENGALI DIGIT ZERO"/>
</group>
<group name="Numbers" b="113">
<s d="1" t="1" b="90"/>
<s d="2" t="2" b="91"/>
<s d="3" t="3" b="92"/>
<s d="4" t="4" b="93"/>
<s d="5" t="5" b="94"/>
<s d="6" t="6" b="90"/>
<s d="7" t="7" b="91"/>
<s d="8" t="8" b="92"/>
<s d="9" t="9" b="93"/>
<s d="0" t="0" b="94"/>
</group>
<group name="Punctuation" b="112">
<group name="Bengali Punctuation" b="113">
<s d="&#x09F2;" t="&#x09F2;" note="RUPEE MARK"/>
<s d="&#x09F3;" t="&#x09F3;" note="RUPEE SIGN"/>
<s d="&#x09F4;" t="&#x09F4;" note="CURRENCY NUMERATOR ONE	"/>
<s d="&#x09F5;" t="&#x09F5;" note="CURRENCY NUMERATOR TWO	"/>
<s d="&#x09F6;" t="&#x09F6;" note="CURRENCY NUMERATOR THREE"/>
<s d="&#x09F7;" t="&#x09F7;" note="CURRENCY NUMERATOR FOUR	"/>
<s d="&#x09F8;" t="&#x09F8;" note="CURRENCY NUMERATOR ONE LESS THAN THE DENOMINATOR"/>
<s d="&#x09F9;" t="&#x09F9;" note="CURRENCY DENOMINATOR SIXTEEN"/>
<s d="&#x09FA;" t="&#x09FA;" note="ISSHAR"/>
</group>
<s b="90" d="%" t="%"/>
<s b="91" d="*" t="*"/>
<s b="92" d="+" t="+"/>
<s b="93" d="=" t="="/>
<s b="94" d="/" t="/"/>
<s b="95" d="#" t="#"/>
<s b="96" d="$" t="$"/>
<s b="97" d="|" t="|"/>
<s b="98" d="\" t="\"/>
<s b="99" d="~" t="~"/>
<s b="95" d="^" t="^"/>
<s b="96" d="_" t="_"/>
<s b="97" d="&amp;" t="&amp;"/> 
<s b="98" d="@" t="@"/>
<s b="105" d="[" t="["/>
<s b="106" d="]" t="]"/>
<s b="107" d="{" t="{"/>
<s b="108" d="}" t="}"/>
<s b="109" d="&lt;" t="&lt;"/>
<s b="105" d="&gt;" t="&gt;"/>
<s b="106" d="(" t="("/>
<s b="107" d=")" t=")"/>
<s b="108" d="&#x201C;" t="&#x201C;" note="left double quotation mark" />
<s b="109" d="&#x0022;" t="&#x0022;" note="deprecated vertical double quotation mark" />
<s b="106" d="&#x201D;" t="&#x201D;" note="right double quotation mark" />
<s b="107" d="&#x2018;" t="&#x2018;" note="left single quotation mark" />
<s b="108" d="&#x2019;" t="&#x2019;" note="right single quotation mark and apostrophe" />
<s b="109" d="`" t="`" note="left quote from keyboard" />
<s b="105" d="&#x25cc;&#x0313;" t="&apos;" note=" apostrophe"/>
<s b="9"  d="&#x25CA;" t="&#x9;" note="TAB (represented by a diamond)"/>
<s b="100" d="-" t="-"/>
<s b="101" d=":" t=":"/>
<s b="102" d=";" t=";"/>
<s b="103" d="?" t="?"/>
<s b="104" d="!" t="!"/>
<s b="100" d="," t=","/>
<s d="&#183;" t="." b="104"/>
</group>
<group name="Joiners" b="111">
<s b="73" t="&#x200c;" d="&#x2225;" note="Zero width non-joiner"/>
<s b="74" t="&#x200d;" d="&#x2195;" note="Zero width joiner"/>
</group>
</alphabet>
</alphabets>
