<?xml version="1.0"?>
<!DOCTYPE alphabets SYSTEM "alphabet.dtd">
<?xml-stylesheet type="text/xsl" href="alphabet.xsl"?>
<alphabets>
<alphabet name="T&#x00FC;rk&#x00E7;e / Turkish with punctuation and numerals">
<orientation type="LR"/>
<encoding type="Western"/>
<palette>Default</palette>
<train>training_turkish_TR.txt</train>
<paragraph d="&#182;" b="9"/>
<space d="&#x25a1;" t=" " b="9" note="box" />
<control d="Control" t="" b="8"/>
<group name="lower case letters" b="0">
<s d="&#x0061;" t="&#x0061;" />
<s d="&#x00E2;" t="&#x00E2;" />
<s d="&#x0062;" t="&#x0062;" />
<s d="&#x0063;" t="&#x0063;" />
<s d="&#x00E7;" t="&#x00E7;" />
<s d="&#x0064;" t="&#x0064;" />
<s d="&#x0065;" t="&#x0065;" />
<s d="&#x0066;" t="&#x0066;" />
<s d="&#x0067;" t="&#x0067;" />
<s d="&#x011F;" t="&#x011F;" />
<s d="&#x0068;" t="&#x0068;" />
<s d="&#x0131;" t="&#x0131;" />
<s d="&#x0069;" t="&#x0069;" />
<s d="&#x006A;" t="&#x006A;" />
<s d="&#x006B;" t="&#x006B;" />
<s d="&#x006C;" t="&#x006C;" />
<s d="&#x006D;" t="&#x006D;" />
<s d="&#x006E;" t="&#x006E;" />
<s d="&#x006F;" t="&#x006F;" />
<s d="&#x00F6;" t="&#x00F6;" />
<s d="&#x0070;" t="&#x0070;" />
<s d="&#x0071;" t="&#x0071;" />
<s d="&#x0072;" t="&#x0072;" />
<s d="&#x0073;" t="&#x0073;" />
<s d="&#x015F;" t="&#x015F;" />
<s d="&#x0074;" t="&#x0074;" />
<s d="&#x0075;" t="&#x0075;" />
<s d="&#x00FB;" t="&#x00FB;" />
<s d="&#x00FC;" t="&#x00FC;" />
<s d="&#x0076;" t="&#x0076;" />
<s d="&#x0077;" t="&#x0077;" />
<s d="&#x0078;" t="&#x0078;" />
<s d="&#x0079;" t="&#x0079;" />
<s d="&#x007A;" t="&#x007A;" />
</group> 
<group name="upper case letters" b="111"> 
<s d="&#x0041;" t="&#x0041;" />
<s d="&#x00C2;" t="&#x00C2;" />
<s d="&#x0042;" t="&#x0042;" />
<s d="&#x0043;" t="&#x0043;" />
<s d="&#x00C7;" t="&#x00C7;" />
<s d="&#x0044;" t="&#x0044;" />
<s d="&#x0045;" t="&#x0045;" />
<s d="&#x0046;" t="&#x0046;" />
<s d="&#x0047;" t="&#x0047;" />
<s d="&#x011E;" t="&#x011E;" />
<s d="&#x0048;" t="&#x0048;" />
<s d="&#x0049;" t="&#x0049;" />
<s d="&#x0130;" t="&#x0130;" />
<s d="&#x004A;" t="&#x004A;" />
<s d="&#x004B;" t="&#x004B;" />
<s d="&#x004C;" t="&#x004C;" />
<s d="&#x004D;" t="&#x004D;" />
<s d="&#x004E;" t="&#x004E;" />
<s d="&#x004F;" t="&#x004F;" />
<s d="&#x00D6;" t="&#x00D6;" />
<s d="&#x0050;" t="&#x0050;" />
<s d="&#x0051;" t="&#x0051;" />
<s d="&#x0052;" t="&#x0052;" />
<s d="&#x0053;" t="&#x0053;" />
<s d="&#x015E;" t="&#x015E;" />
<s d="&#x0054;" t="&#x0054;" />
<s d="&#x0055;" t="&#x0055;" />
<s d="&#x00DB;" t="&#x00DB;" />
<s d="&#x00DC;" t="&#x00DC;" />
<s d="&#x0056;" t="&#x0056;" />
<s d="&#x0057;" t="&#x0057;" />
<s d="&#x0058;" t="&#x0058;" />
<s d="&#x0059;" t="&#x0059;" />
<s d="&#x005A;" t="&#x005A;" />
</group>
<group name="Numbers" b="113">
<s d="1" t="1" b="90"/>
<s d="2" t="2" b="91"/>
<s d="3" t="3" b="92"/>
<s d="4" t="4" b="93"/>
<s d="5" t="5" b="94"/>
<s d="6" t="6" b="90"/>
<s d="7" t="7" b="91"/>
<s d="8" t="8" b="92"/>
<s d="9" t="9" b="93"/>
<s d="0" t="0" b="94"/>
</group>
<group name="Punctuation" b="112">
<s b="90" d="%" t="%"/>
<s b="91" d="*" t="*"/>
<s b="92" d="+" t="+"/>
<s b="93" d="=" t="="/>
<s b="94" d="/" t="/"/>
<s b="95" d="#" t="#"/>
<s d="&#8364;" t="&#8364;" b="96" note="euro" />
<s b="97"  d="&#163;" t="&#163;" note="Pound" />
<s b="98" d="$" t="$"/>
<s b="99" d="|" t="|"/>
<s b="95" d="\" t="\"/>
<s b="96" d="~" t="~"/>
<s b="97" d="^" t="^"/>
<s b="98" d="_" t="_"/>
<s b="99" d="&amp;" t="&amp;"/> 
<s b="95" d="@" t="@"/>
<s b="105" d="[" t="["/>
<s b="106" d="]" t="]"/>
<s b="107" d="{" t="{"/>
<s b="108" d="}" t="}"/>
<s b="109" d="&lt;" t="&lt;"/>
<s b="105" d="&gt;" t="&gt;"/>
<s b="106" d="(" t="("/>
<s b="107" d=")" t=")"/>
<s b="108" d="&#x2039;" t="&#x2039;" note="French left single quotation mark" />
<s b="109" d="&#x203A;" t="&#x203A;" note="French right single quotation mark" />
<s b="106" d="&#x00AB;" t="&#x00AB;" note="French left double quotation mark" />
<s b="107" d="&#x00BB;" t="&#x00BB;" note="French right double quotation mark" />
<s b="108" d="&#x201C;" t="&#x201C;" note="left double quotation mark" />
<s b="109" d="&#x0022;" t="&#x0022;" note="deprecated vertical double quotation mark" />
<s b="106" d="&#x201D;" t="&#x201D;" note="right double quotation mark" />
<s b="107" d="&#x2018;" t="&#x2018;" note="left single quotation mark" />
<s b="108" d="&#x2019;" t="&#x2019;" note="right single quotation mark and apostrophe" />
<s b="109" d="`" t="`" note="left quote from keyboard" />
<s b="105" d="&#x25cc;&apos;" t="&apos;" note=" apostrophe"/>
<s b="9"  d="&#x25CA;" t="&#x9;" note="TAB (represented by a diamond)"/>
<s b="100" d="-" t="-"/>
<s b="101" d=":" t=":"/>
<s b="102" d=";" t=";"/>
<s b="103" d="?" t="?"/>
<s b="104" d="!" t="!"/>
<s b="100" d="," t=","/>
<s d="&#183;" t="." b="104"/>
</group>
</alphabet>
</alphabets>
