<?xml version="1.0" encoding="UTF-8"?>
<!DOCTYPE alphabets SYSTEM "alphabet.dtd">
<?xml-stylesheet type="text/xsl" href="alphabet.xsl"?>
<alphabets>
<alphabet name="English phrases and general text">
<orientation type="LR"/>
<encoding type="Western"/>
<palette>European/Asian</palette>
<train>training_phrases2_GB.txt</train>
<paragraph d="&#182;" b="9"/>
<space d="&#x25a1;" t=" " b="9" note="box" />
<control d="Control" t="" b="8"/>
<group name="Lower case Latin letters" b="0">
<s d="a" t="a" b="10"/>
<s d="b" t="b" b="11"/>
<s d="c" t="c" b="12"/>
<s d="d" t="d" b="13"/>
<s d="e" t="e" b="14"/>
<s d="f" t="f" b="15"/>
<s d="g" t="g" b="16"/>
<s d="h" t="h" b="17"/>
<s d="i" t="i" b="18"/>
<s d="j" t="j" b="19"/>
<s d="k" t="k" b="20"/>
<s d="l" t="l" b="21"/>
<s d="m" t="m" b="22"/>
<s d="n" t="n" b="23"/>
<s d="o" t="o" b="24"/>
<s d="p" t="p" b="25"/>
<s d="q" t="q" b="26"/>
<s d="r" t="r" b="27"/>
<s d="s" t="s" b="28"/>
<s d="t" t="t" b="29"/>
<s d="u" t="u" b="30"/>
<s d="v" t="v" b="31"/>
<s d="w" t="w" b="32"/>
<s d="x" t="x" b="33"/>
<s d="y" t="y" b="34"/>
<s d="z" t="z" b="35"/>
</group>
<group name="Upper case Latin letters" b="111">
<s d="A" t="A" b="10"/>
<s d="B" t="B" b="11"/>
<s d="C" t="C" b="12"/>
<s d="D" t="D" b="13"/>
<s d="E" t="E" b="14"/>
<s d="F" t="F" b="15"/>
<s d="G" t="G" b="16"/>
<s d="H" t="H" b="17"/>
<s d="I" t="I" b="18"/>
<s d="J" t="J" b="19"/>
<s d="K" t="K" b="20"/>
<s d="L" t="L" b="21"/>
<s d="M" t="M" b="22"/>
<s d="N" t="N" b="23"/>
<s d="O" t="O" b="24"/>
<s d="P" t="P" b="25"/>
<s d="Q" t="Q" b="26"/>
<s d="R" t="R" b="27"/>
<s d="S" t="S" b="28"/>
<s d="T" t="T" b="29"/>
<s d="U" t="U" b="30"/>
<s d="V" t="V" b="31"/>
<s d="W" t="W" b="32"/>
<s d="X" t="X" b="33"/>
<s d="Y" t="Y" b="34"/>
<s d="Z" t="Z" b="35"/>
</group>
<group name="Punctuation" b="112">
<s b="105" d="&#x2358;"  t="&apos;" />
<s b="103" d="?" t="?" />
<s b="104" d="!" t="!" />
<s b="100" d="," t="," />
<s b="104" d="&#183;" t="." />
</group>
</alphabet>
<alphabet name="English phrases">
<orientation type="LR"/>
<encoding type="Western"/>
<palette>European/Asian</palette>
<train>training_phrases_GB.txt</train>
<paragraph d="&#182;" b="9"/>
<space d="&#x25a1;" t=" " b="9" note="box" />
<control d="Control" t="" b="8"/>
<group name="Lower case Latin letters" b="0">
<s d="a" t="a" b="10"/>
<s d="b" t="b" b="11"/>
<s d="c" t="c" b="12"/>
<s d="d" t="d" b="13"/>
<s d="e" t="e" b="14"/>
<s d="f" t="f" b="15"/>
<s d="g" t="g" b="16"/>
<s d="h" t="h" b="17"/>
<s d="i" t="i" b="18"/>
<s d="j" t="j" b="19"/>
<s d="k" t="k" b="20"/>
<s d="l" t="l" b="21"/>
<s d="m" t="m" b="22"/>
<s d="n" t="n" b="23"/>
<s d="o" t="o" b="24"/>
<s d="p" t="p" b="25"/>
<s d="q" t="q" b="26"/>
<s d="r" t="r" b="27"/>
<s d="s" t="s" b="28"/>
<s d="t" t="t" b="29"/>
<s d="u" t="u" b="30"/>
<s d="v" t="v" b="31"/>
<s d="w" t="w" b="32"/>
<s d="x" t="x" b="33"/>
<s d="y" t="y" b="34"/>
<s d="z" t="z" b="35"/>
</group>
<group name="Upper case Latin letters" b="111">
<s d="A" t="A" b="10"/>
<s d="B" t="B" b="11"/>
<s d="C" t="C" b="12"/>
<s d="D" t="D" b="13"/>
<s d="E" t="E" b="14"/>
<s d="F" t="F" b="15"/>
<s d="G" t="G" b="16"/>
<s d="H" t="H" b="17"/>
<s d="I" t="I" b="18"/>
<s d="J" t="J" b="19"/>
<s d="K" t="K" b="20"/>
<s d="L" t="L" b="21"/>
<s d="M" t="M" b="22"/>
<s d="N" t="N" b="23"/>
<s d="O" t="O" b="24"/>
<s d="P" t="P" b="25"/>
<s d="Q" t="Q" b="26"/>
<s d="R" t="R" b="27"/>
<s d="S" t="S" b="28"/>
<s d="T" t="T" b="29"/>
<s d="U" t="U" b="30"/>
<s d="V" t="V" b="31"/>
<s d="W" t="W" b="32"/>
<s d="X" t="X" b="33"/>
<s d="Y" t="Y" b="34"/>
<s d="Z" t="Z" b="35"/>
</group>
<group name="Punctuation" b="112">
<s b="105" d="&#x2358;"  t="&apos;" />
<s b="103" d="?" t="?" />
<s b="104" d="!" t="!" />
<s b="100" d="," t="," />
<s b="104" d="&#183;" t="." />
</group>
</alphabet>
<alphabet name="English, lower case">
<orientation type="LR"/>
<encoding type="Western"/>
<palette>European/Asian</palette>
<train>training_englishLC_GB.txt</train>
<space d="&#x25a1;" t=" " b="9" note="box" />
<control d="Control" t="" b="8"/>
<group name="Lower case Latin letters" b="0">
<s d="a" t="a" b="10"/>
<s d="b" t="b" b="11"/>
<s d="c" t="c" b="12"/>
<s d="d" t="d" b="13"/>
<s d="e" t="e" b="14"/>
<s d="f" t="f" b="15"/>
<s d="g" t="g" b="16"/>
<s d="h" t="h" b="17"/>
<s d="i" t="i" b="18"/>
<s d="j" t="j" b="19"/>
<s d="k" t="k" b="20"/>
<s d="l" t="l" b="21"/>
<s d="m" t="m" b="22"/>
<s d="n" t="n" b="23"/>
<s d="o" t="o" b="24"/>
<s d="p" t="p" b="25"/>
<s d="q" t="q" b="26"/>
<s d="r" t="r" b="27"/>
<s d="s" t="s" b="28"/>
<s d="t" t="t" b="29"/>
<s d="u" t="u" b="30"/>
<s d="v" t="v" b="31"/>
<s d="w" t="w" b="32"/>
<s d="x" t="x" b="33"/>
<s d="y" t="y" b="34"/>
<s d="z" t="z" b="35"/>
</group>
<group name="Punctuation" b="112">
<s b="105" d="&#x2358;"  t="&apos;" />
<s b="103" d="?" t="?" />
<s b="104" d="!" t="!" />
<s b="100" d="," t="," />
<s b="104" d="&#183;" t="." />
</group>
</alphabet>
</alphabets>
