<?xml version="1.0" encoding="UTF-8"?>
<!DOCTYPE colours SYSTEM "colour.dtd">
<?xml-stylesheet type="text/xsl" href="alphabet.xsl"?>
<colours>
<palette name="Default">
<!-- background -->
<colour r="255" g="255" b="255"/>
<!-- mouse line -->
<colour r="255" g="0" b="0"/>
<!-- mouse position -->
<colour r="0" g="0" b="0"/>
<!-- box outlines -->
<colour r="218" g="218" b="218"/>
<!-- text -->
<colour r="0" g="0" b="0"/>
<!-- crosshairs -->
<colour r="0" g="0" b="0"/>
<!-- keyboard positioning -->
<colour r="0" g="0" b="0"/>
<!-- root node -->
<colour r="180" g="238" b="180"/>
<!-- control node -->
<colour r="80" g="80" b="80"/>
<!-- space -->
<colour r="235" g="235" b="235"/>
<!-- letters (10-109)-->
<colour r="0" g="255" b="255"/>
<colour r="180" g="238" b="180"/>
<colour r="155" g="205" b="155"/>
<colour r="0" g="255" b="255"/>
<colour r="180" g="238" b="180"/>
<colour r="155" g="205" b="155"/>
<colour r="0" g="255" b="255"/>
<colour r="180" g="238" b="180"/>
<colour r="155" g="205" b="155"/>
<colour r="0" g="255" b="255"/>
<colour r="180" g="238" b="180"/>
<colour r="155" g="205" b="155"/>
<colour r="0" g="255" b="255"/>
<colour r="180" g="238" b="180"/>
<colour r="155" g="205" b="155"/>
<colour r="0" g="255" b="255"/>
<colour r="180" g="238" b="180"/>
<colour r="155" g="205" b="155"/>
<colour r="0" g="255" b="255"/>
<colour r="180" g="238" b="180"/>
<colour r="155" g="205" b="155"/>
<colour r="0" g="255" b="255"/>
<colour r="180" g="238" b="180"/>
<colour r="155" g="205" b="155"/>
<colour r="0" g="255" b="255"/>
<colour r="180" g="238" b="180"/>
<colour r="155" g="205" b="155"/>
<colour r="0" g="255" b="255"/>
<colour r="180" g="238" b="180"/>
<colour r="155" g="205" b="155"/>
<colour r="0" g="255" b="255"/>
<colour r="180" g="238" b="180"/>
<colour r="155" g="205" b="155"/>
<colour r="0" g="255" b="255"/>
<colour r="180" g="238" b="180"/>
<colour r="155" g="205" b="155"/>
<colour r="0" g="255" b="255"/>
<colour r="180" g="238" b="180"/>
<colour r="155" g="205" b="155"/>
<colour r="0" g="255" b="255"/>
<colour r="180" g="238" b="180"/>
<colour r="155" g="205" b="155"/>
<colour r="0" g="255" b="255"/>
<colour r="180" g="238" b="180"/>
<colour r="155" g="205" b="155"/>
<colour r="0" g="255" b="255"/>
<colour r="180" g="238" b="180"/>
<colour r="155" g="205" b="155"/>
<colour r="0" g="255" b="255"/>
<colour r="180" g="238" b="180"/>
<colour r="155" g="205" b="155"/>
<colour r="0" g="255" b="255"/>
<colour r="180" g="238" b="180"/>
<colour r="155" g="205" b="155"/>
<colour r="0" g="255" b="255"/>
<colour r="180" g="238" b="180"/>
<colour r="155" g="205" b="155"/>
<colour r="0" g="255" b="255"/>
<colour r="180" g="238" b="180"/>
<colour r="155" g="205" b="155"/>
<colour r="0" g="255" b="255"/>
<colour r="180" g="238" b="180"/>
<colour r="155" g="205" b="155"/>
<colour r="0" g="255" b="255"/>
<colour r="180" g="238" b="180"/>
<colour r="155" g="205" b="155"/>
<colour r="0" g="255" b="255"/>
<colour r="180" g="238" b="180"/>
<colour r="155" g="205" b="155"/>
<colour r="0" g="255" b="255"/>
<colour r="180" g="238" b="180"/>
<colour r="155" g="205" b="155"/>
<colour r="0" g="255" b="255"/>
<colour r="180" g="238" b="180"/>
<colour r="155" g="205" b="155"/>
<colour r="0" g="255" b="255"/>
<colour r="180" g="238" b="180"/>
<colour r="155" g="205" b="155"/>
<colour r="0" g="255" b="255"/>
<colour r="180" g="238" b="180"/>
<colour r="155" g="205" b="155"/>
<colour r="0" g="255" b="255"/>
<colour r="180" g="238" b="180"/>
<colour r="155" g="205" b="155"/>
<colour r="0" g="255" b="255"/>
<colour r="180" g="238" b="180"/>
<colour r="155" g="205" b="155"/>
<colour r="0" g="255" b="255"/>
<colour r="180" g="238" b="180"/>
<colour r="155" g="205" b="155"/>
<colour r="0" g="255" b="255"/>
<colour r="180" g="238" b="180"/>
<colour r="155" g="205" b="155"/>
<colour r="0" g="255" b="255"/>
<colour r="180" g="238" b="180"/>
<colour r="155" g="205" b="155"/>
<colour r="0" g="255" b="255"/>
<colour r="180" g="238" b="180"/>
<colour r="155" g="205" b="155"/>
<colour r="0" g="255" b="255"/>
<!-- groups (110-139) 110: red  111: yellow ;   112: GREEn;    113: RED  -->
<colour r="255" g="0" b="0"/>
<colour r="255" g="255" b="0"/>
<colour r="0" g="200" b="0"/>
<colour r="255" g="0" b="0"/>
<colour r="255" g="255" b="0"/>
<colour r="0" g="200" b="0"/>
<colour r="255" g="0" b="0"/>
<colour r="255" g="255" b="0"/>
<colour r="0" g="200" b="0"/>
<colour r="255" g="0" b="0"/>
<colour r="255" g="255" b="0"/>
<colour r="0" g="200" b="0"/>
<colour r="255" g="0" b="0"/>
<colour r="255" g="255" b="0"/>
<colour r="0" g="200" b="0"/>
<colour r="255" g="0" b="0"/>
<colour r="255" g="255" b="0"/>
<colour r="0" g="200" b="0"/>
<colour r="255" g="0" b="0"/>
<colour r="255" g="255" b="0"/>
<!-- currently unused (130-137) -->
<colour r="0" g="0" b="0"/>
<colour r="0" g="0" b="0"/>
<colour r="0" g="0" b="0"/>
<colour r="0" g="0" b="0"/>
<colour r="255" g="160" b="100"/>
<colour r="255" g="100" b="204"/>
<colour r="200" g="255" b="20"/>
<colour r="150" g="255" b="50"/>
<!-- alternate control node -->
<colour r="80" g="80" b="80"/>
<!-- alternate space -->
<colour r="255" g="255" b="255"/>
<!-- alternate colours (140-239) -->
<colour r="135" g="206" b="255"/>
<colour r="255" g="174" b="185"/>
<colour r="255" g="187" b="255"/>
<colour r="135" g="206" b="255"/>
<colour r="255" g="174" b="185"/>
<colour r="255" g="187" b="255"/>
<colour r="135" g="206" b="255"/>
<colour r="255" g="174" b="185"/>
<colour r="255" g="187" b="255"/>
<colour r="135" g="206" b="255"/>
<colour r="255" g="174" b="185"/>
<colour r="255" g="187" b="255"/>
<colour r="135" g="206" b="255"/>
<colour r="255" g="174" b="185"/>
<colour r="255" g="187" b="255"/>
<colour r="135" g="206" b="255"/>
<colour r="255" g="174" b="185"/>
<colour r="255" g="187" b="255"/>
<colour r="135" g="206" b="255"/>
<colour r="255" g="174" b="185"/>
<colour r="255" g="187" b="255"/>
<colour r="135" g="206" b="255"/>
<colour r="255" g="174" b="185"/>
<colour r="255" g="187" b="255"/>
<colour r="135" g="206" b="255"/>
<colour r="255" g="174" b="185"/>
<colour r="255" g="187" b="255"/>
<colour r="135" g="206" b="255"/>
<colour r="255" g="174" b="185"/>
<colour r="255" g="187" b="255"/>
<colour r="135" g="206" b="255"/>
<colour r="255" g="174" b="185"/>
<colour r="255" g="187" b="255"/>
<colour r="135" g="206" b="255"/>
<colour r="255" g="174" b="185"/>
<colour r="255" g="187" b="255"/>
<colour r="135" g="206" b="255"/>
<colour r="255" g="174" b="185"/>
<colour r="255" g="187" b="255"/>
<colour r="135" g="206" b="255"/>
<colour r="255" g="174" b="185"/>
<colour r="255" g="187" b="255"/>
<colour r="135" g="206" b="255"/>
<colour r="255" g="174" b="185"/>
<colour r="255" g="187" b="255"/>
<colour r="135" g="206" b="255"/>
<colour r="255" g="174" b="185"/>
<colour r="255" g="187" b="255"/>
<colour r="135" g="206" b="255"/>
<colour r="255" g="174" b="185"/>
<colour r="255" g="187" b="255"/>
<colour r="135" g="206" b="255"/>
<colour r="255" g="174" b="185"/>
<colour r="255" g="187" b="255"/>
<colour r="135" g="206" b="255"/>
<colour r="255" g="174" b="185"/>
<colour r="255" g="187" b="255"/>
<colour r="135" g="206" b="255"/>
<colour r="255" g="174" b="185"/>
<colour r="255" g="187" b="255"/>
<colour r="135" g="206" b="255"/>
<colour r="255" g="174" b="185"/>
<colour r="255" g="187" b="255"/>
<colour r="135" g="206" b="255"/>
<colour r="255" g="174" b="185"/>
<colour r="255" g="187" b="255"/>
<colour r="135" g="206" b="255"/>
<colour r="255" g="174" b="185"/>
<colour r="255" g="187" b="255"/>
<colour r="135" g="206" b="255"/>
<colour r="255" g="174" b="185"/>
<colour r="255" g="187" b="255"/>
<colour r="135" g="206" b="255"/>
<colour r="255" g="174" b="185"/>
<colour r="255" g="187" b="255"/>
<colour r="135" g="206" b="255"/>
<colour r="255" g="174" b="185"/>
<colour r="255" g="187" b="255"/>
<colour r="135" g="206" b="255"/>
<colour r="255" g="174" b="185"/>
<colour r="255" g="187" b="255"/>
<colour r="135" g="206" b="255"/>
<colour r="255" g="174" b="185"/>
<colour r="255" g="187" b="255"/>
<colour r="135" g="206" b="255"/>
<colour r="255" g="174" b="185"/>
<colour r="255" g="187" b="255"/>
<colour r="135" g="206" b="255"/>
<colour r="255" g="174" b="185"/>
<colour r="255" g="187" b="255"/>
<colour r="135" g="206" b="255"/>
<colour r="255" g="174" b="185"/>
<colour r="255" g="187" b="255"/>
<colour r="135" g="206" b="255"/>
<colour r="255" g="174" b="185"/>
<colour r="255" g="187" b="255"/>
<colour r="135" g="206" b="255"/>
<colour r="255" g="174" b="185"/>
<colour r="255" g="187" b="255"/>
<colour r="135" g="206" b="255"/>
<!-- Control mode colours -->
<!-- Green (240) -->
<colour r="0" g="255" b="0"/>
<!-- Amber (241) -->
<colour r="240" g="240" b="0"/>
<!-- Red (242) -->
<colour r="255" g="0" b="0"/>
</palette>
</colours>
